Sample Number,PolicyStartDate,AMI_monthly_premium,AMI_yearly_premium,AMI_agreed_value_minimum,AMI_agreed_value_maximum,AMI_Error_code,AMI_selected_car_variant,AMI_selected_address,AMI_agreed_value,AMI_No_claims_bonus
10001,2024-01-05,44.92,504.32,2513,4020,No Error,"Nissan Bluebird 1999 Nissan, Bluebird, 1999, SEDAN, Eprise, Automatic, Front Wheel Drive, 1838cc/1.8L, Petrol, 4dr","KOTUKU STREET, FRANKTON, HAMILTON 3204",3020.0,60%
10002,2024-01-05,54.24,608.74,3525,5640,No Error,"Toyota Corolla 2002 Toyota, Corolla, 2002, WAGON, Fielder, Automatic, Front Wheel Drive, 1794cc/1.8L, Petrol, 5dr","CORNWALL ROAD, RD 1, RAGLAN 3295",5480.0,60%
10003,2024-01-05,85.82,962.9,3825,6120,No Error,"Nissan Tiida 2005 Nissan, Tiida, 2005, HATCHBACK, 18G, Constantly variable, Front Wheel Drive, 1798cc/1.8L, Petrol, 5dr","HOBART DRIVE, SPOTSWOOD, NEW PLYMOUTH 4310",5400.0,40%
10004,2024-01-05,91.9,1031.07,14963,23940,No Error,"Toyota Hiace 2008 Toyota, Hiace, 2008, VAN, DX, Automatic, Rear Wheel Drive, 1990cc/2.0L, Petrol, 4dr","SEABROOK AVENUE, NEW LYNN, AUCKLAND 0600",19340.0,60%
10005,2024-01-05,-1,-1,5325,8520,Invalid Input Data Error: AgreedValue Too High,"Mazda Axela 2007 Mazda, Axela, 2007, SEDAN, 15C, Automatic, Front Wheel Drive, 1498cc/1.5L, Petrol, 4dr","123B STANCOMBE ROAD FLAT BUSH, AUCKLAND 2016",,nan
10006,2024-04-29,-1,-1,-1,-1,No Error,,,,nan
10338,2024-04-29,-1,-1,-1,-1,No Error,,,,nan
10008,2024-04-29,-1,-1,-1,-1,No Error,,,,nan
10009,2024-04-29,-1,-1,-1,-1,No Error,,,,nan
10010,2024-04-29,-1,-1,-1,-1,No Error,,,,nan
10579,2024-04-29,-1,-1,-1,-1,No Error,,,,nan
10012,2024-04-29,-1,-1,-1,-1,No Error,,,,nan
10923,2024-04-29,-1,-1,-1,-1,No Error,,,,nan
10014,2024-04-29,-1,-1,-1,-1,No Error,,,,nan
10015,2024-04-29,-1,-1,-1,-1,No Error,,,,nan
10016,2024-04-29,-1,-1,-1,-1,No Error,,,,nan
10017,2024-04-29,-1,-1,-1,-1,No Error,,,,nan
10018,2024-04-29,-1,-1,-1,-1,No Error,,,,nan
11860,2024-04-29,-1,-1,-1,-1,No Error,,,,nan
10020,2024-04-29,-1,-1,-1,-1,No Error,,,,nan
10021,2024-04-29,-1,-1,-1,-1,No Error,,,,nan
10022,2024-04-29,-1,-1,-1,-1,No Error,,,,nan
11090,2024-04-29,-1,-1,-1,-1,No Error,,,,nan
10024,2024-04-29,-1,-1,-1,-1,No Error,,,,nan
10025,2024-04-29,-1,-1,-1,-1,No Error,,,,nan
10026,2024-04-29,-1,-1,-1,-1,No Error,,,,nan
10027,2024-04-29,-1,-1,-1,-1,No Error,,,,nan
10028,2024-04-29,-1,-1,-1,-1,No Error,,,,nan
10200,2024-04-29,-1,-1,-1,-1,No Error,,,,nan
10030,2024-04-29,-1,-1,-1,-1,No Error,,,,nan
10031,2024-04-29,-1,-1,-1,-1,No Error,,,,nan
10032,2024-04-29,-1,-1,-1,-1,No Error,,,,nan
10834,2024-04-29,-1,-1,-1,-1,No Error,,,,nan
10034,2024-04-29,-1,-1,-1,-1,No Error,,,,nan
11427,2024-04-29,-1,-1,-1,-1,No Error,,,,nan
10535,2024-04-29,-1,-1,-1,-1,No Error,,,,nan
10037,2024-04-29,-1,-1,-1,-1,No Error,,,,nan
11466,2024-04-29,-1,-1,-1,-1,No Error,,,,nan
10669,2024-04-29,-1,-1,-1,-1,No Error,,,,nan
10613,2024-04-29,-1,-1,-1,-1,No Error,,,,nan
10041,2024-04-29,-1,-1,-1,-1,No Error,,,,nan
10042,2024-04-29,-1,-1,-1,-1,No Error,,,,nan
10043,2024-04-29,-1,-1,-1,-1,No Error,,,,nan
10044,2024-04-29,-1,-1,-1,-1,No Error,,,,nan
10045,2024-04-29,-1,-1,-1,-1,No Error,,,,nan
10046,2024-04-29,-1,-1,-1,-1,No Error,,,,nan
10007,2024-04-29,-1,-1,-1,-1,No Error,,,,nan
10048,2024-04-29,-1,-1,-1,-1,No Error,,,,nan
10049,2024-04-29,-1,-1,-1,-1,No Error,,,,nan
10050,2024-04-29,-1,-1,-1,-1,No Error,,,,nan
10051,2024-04-29,-1,-1,-1,-1,No Error,,,,nan
10052,2024-04-29,-1,-1,-1,-1,No Error,,,,nan
11544,2024-04-29,-1,-1,-1,-1,No Error,,,,nan
10336,2024-04-29,-1,-1,-1,-1,No Error,,,,nan
10055,2024-04-29,-1,-1,-1,-1,No Error,,,,nan
10036,2024-04-29,-1,-1,-1,-1,No Error,,,,nan
10057,2024-04-29,-1,-1,-1,-1,No Error,,,,nan
10058,2024-04-29,-1,-1,-1,-1,No Error,,,,nan
11547,2024-04-29,-1,-1,-1,-1,No Error,,,,nan
11167,2024-04-29,-1,-1,-1,-1,No Error,,,,nan
10061,2024-04-29,-1,-1,-1,-1,No Error,,,,nan
10062,2024-04-29,-1,-1,-1,-1,No Error,,,,nan
10063,2024-04-29,-1,-1,-1,-1,No Error,,,,nan
11267,2024-04-29,-1,-1,-1,-1,No Error,,,,nan
10065,2024-04-29,-1,-1,-1,-1,No Error,,,,nan
10958,2024-04-29,-1,-1,-1,-1,No Error,,,,nan
11292,2024-04-29,-1,-1,-1,-1,No Error,,,,nan
11421,2024-04-29,-1,-1,-1,-1,No Error,,,,nan
11431,2024-04-29,-1,-1,-1,-1,No Error,,,,nan
10070,2024-04-29,-1,-1,-1,-1,No Error,,,,nan
10071,2024-04-29,-1,-1,-1,-1,No Error,,,,nan
10072,2024-04-29,-1,-1,-1,-1,No Error,,,,nan
10073,2024-04-29,-1,-1,-1,-1,No Error,,,,nan
10074,2024-04-29,-1,-1,-1,-1,No Error,,,,nan
10075,2024-04-29,-1,-1,-1,-1,No Error,,,,nan
10076,2024-04-29,-1,-1,-1,-1,No Error,,,,nan
10064,2024-04-29,-1,-1,-1,-1,No Error,,,,nan
10078,2024-04-29,-1,-1,-1,-1,No Error,,,,nan
10079,2024-04-29,-1,-1,-1,-1,No Error,,,,nan
10080,2024-04-29,-1,-1,-1,-1,No Error,,,,nan
10081,2024-04-29,-1,-1,-1,-1,No Error,,,,nan
10082,2024-04-29,-1,-1,-1,-1,No Error,,,,nan
11907,2024-04-29,-1,-1,-1,-1,No Error,,,,nan
10084,2024-04-29,-1,-1,-1,-1,No Error,,,,nan
10085,2024-04-29,-1,-1,-1,-1,No Error,,,,nan
10493,2024-04-29,-1,-1,-1,-1,No Error,,,,nan
10087,2024-04-29,-1,-1,-1,-1,No Error,,,,nan
10088,2024-04-29,-1,-1,-1,-1,No Error,,,,nan
10089,2024-04-29,-1,-1,-1,-1,No Error,,,,nan
11159,2024-04-29,-1,-1,-1,-1,No Error,,,,nan
10091,2024-04-29,-1,-1,-1,-1,No Error,,,,nan
10092,2024-04-29,-1,-1,-1,-1,No Error,,,,nan
11613,2024-04-29,-1,-1,-1,-1,No Error,,,,nan
10094,2024-04-29,-1,-1,-1,-1,No Error,,,,nan
10095,2024-04-29,-1,-1,-1,-1,No Error,,,,nan
10096,2024-04-29,-1,-1,-1,-1,No Error,,,,nan
10102,2024-04-29,-1,-1,-1,-1,No Error,,,,nan
10351,2024-04-29,-1,-1,-1,-1,No Error,,,,nan
10099,2024-04-29,-1,-1,-1,-1,No Error,,,,nan
11231,2024-04-29,-1,-1,-1,-1,No Error,,,,nan
10101,2024-04-29,-1,-1,-1,-1,No Error,,,,nan
10054,2024-04-29,-1,-1,-1,-1,No Error,,,,nan
10103,2024-04-29,-1,-1,-1,-1,No Error,,,,nan
10104,2024-04-29,-1,-1,-1,-1,No Error,,,,nan
11420,2024-04-29,-1,-1,-1,-1,No Error,,,,nan
11741,2024-04-29,-1,-1,-1,-1,No Error,,,,nan
10107,2024-04-29,-1,-1,-1,-1,No Error,,,,nan
10108,2024-04-29,-1,-1,-1,-1,No Error,,,,nan
11911,2024-04-29,-1,-1,-1,-1,No Error,,,,nan
11462,2024-04-29,-1,-1,-1,-1,No Error,,,,nan
10111,2024-04-29,-1,-1,-1,-1,No Error,,,,nan
10112,2024-04-29,-1,-1,-1,-1,No Error,,,,nan
10113,2024-04-29,-1,-1,-1,-1,No Error,,,,nan
11251,2024-04-29,-1,-1,-1,-1,No Error,,,,nan
10115,2024-04-29,-1,-1,-1,-1,No Error,,,,nan
10116,2024-04-29,-1,-1,-1,-1,No Error,,,,nan
10117,2024-04-29,-1,-1,-1,-1,No Error,,,,nan
10769,2024-04-29,-1,-1,-1,-1,No Error,,,,nan
10119,2024-04-29,-1,-1,-1,-1,No Error,,,,nan
10120,2024-04-29,-1,-1,-1,-1,No Error,,,,nan
10121,2024-04-29,-1,-1,-1,-1,No Error,,,,nan
10122,2024-04-29,-1,-1,-1,-1,No Error,,,,nan
10123,2024-04-29,-1,-1,-1,-1,No Error,,,,nan
10124,2024-04-29,-1,-1,-1,-1,No Error,,,,nan
11526,2024-04-29,-1,-1,-1,-1,No Error,,,,nan
10126,2024-04-29,-1,-1,-1,-1,No Error,,,,nan
10127,2024-04-29,-1,-1,-1,-1,No Error,,,,nan
11834,2024-04-29,-1,-1,-1,-1,No Error,,,,nan
10129,2024-04-29,-1,-1,-1,-1,No Error,,,,nan
10917,2024-04-29,-1,-1,-1,-1,No Error,,,,nan
10432,2024-04-29,-1,-1,-1,-1,No Error,,,,nan
10132,2024-04-29,-1,-1,-1,-1,No Error,,,,nan
10133,2024-04-29,-1,-1,-1,-1,No Error,,,,nan
10841,2024-04-29,-1,-1,-1,-1,No Error,,,,nan
10135,2024-04-29,-1,-1,-1,-1,No Error,,,,nan
10136,2024-04-29,-1,-1,-1,-1,No Error,,,,nan
10137,2024-04-29,-1,-1,-1,-1,No Error,,,,nan
11447,2024-04-29,-1,-1,-1,-1,No Error,,,,nan
10139,2024-04-29,-1,-1,-1,-1,No Error,,,,nan
10518,2024-04-29,-1,-1,-1,-1,No Error,,,,nan
10141,2024-04-29,-1,-1,-1,-1,No Error,,,,nan
10142,2024-04-29,-1,-1,-1,-1,No Error,,,,nan
10143,2024-04-29,-1,-1,-1,-1,No Error,,,,nan
10144,2024-04-29,-1,-1,-1,-1,No Error,,,,nan
11660,2024-04-29,-1,-1,-1,-1,No Error,,,,nan
10146,2024-04-29,-1,-1,-1,-1,No Error,,,,nan
10389,2024-04-29,-1,-1,-1,-1,No Error,,,,nan
10148,2024-04-29,-1,-1,-1,-1,No Error,,,,nan
10972,2024-04-29,-1,-1,-1,-1,No Error,,,,nan
10150,2024-04-29,-1,-1,-1,-1,No Error,,,,nan
10151,2024-04-29,-1,-1,-1,-1,No Error,,,,nan
10152,2024-04-29,-1,-1,-1,-1,No Error,,,,nan
10153,2024-04-29,-1,-1,-1,-1,No Error,,,,nan
11244,2024-04-29,-1,-1,-1,-1,No Error,,,,nan
11203,2024-04-29,-1,-1,-1,-1,No Error,,,,nan
10156,2024-04-29,-1,-1,-1,-1,No Error,,,,nan
10157,2024-04-29,-1,-1,-1,-1,No Error,,,,nan
10158,2024-04-29,-1,-1,-1,-1,No Error,,,,nan
10138,2024-04-29,-1,-1,-1,-1,No Error,,,,nan
10160,2024-04-29,-1,-1,-1,-1,No Error,,,,nan
11258,2024-04-29,-1,-1,-1,-1,No Error,,,,nan
11742,2024-04-29,-1,-1,-1,-1,No Error,,,,nan
10489,2024-04-29,-1,-1,-1,-1,No Error,,,,nan
11328,2024-04-29,-1,-1,-1,-1,No Error,,,,nan
10165,2024-04-29,-1,-1,-1,-1,No Error,,,,nan
11942,2024-04-29,-1,-1,-1,-1,No Error,,,,nan
10167,2024-04-29,-1,-1,-1,-1,No Error,,,,nan
11836,2024-04-29,-1,-1,-1,-1,No Error,,,,nan
10169,2024-04-29,-1,-1,-1,-1,No Error,,,,nan
10059,2024-04-29,-1,-1,-1,-1,No Error,,,,nan
10171,2024-04-29,-1,-1,-1,-1,No Error,,,,nan
11172,2024-04-29,-1,-1,-1,-1,No Error,,,,nan
10173,2024-04-29,-1,-1,-1,-1,No Error,,,,nan
10174,2024-04-29,-1,-1,-1,-1,No Error,,,,nan
11559,2024-04-29,-1,-1,-1,-1,No Error,,,,nan
10176,2024-04-29,-1,-1,-1,-1,No Error,,,,nan
10177,2024-04-29,-1,-1,-1,-1,No Error,,,,nan
10178,2024-04-29,-1,-1,-1,-1,No Error,,,,nan
10179,2024-04-29,-1,-1,-1,-1,No Error,,,,nan
10180,2024-04-29,-1,-1,-1,-1,No Error,,,,nan
10181,2024-04-29,-1,-1,-1,-1,No Error,,,,nan
10559,2024-04-29,-1,-1,-1,-1,No Error,,,,nan
10183,2024-04-29,-1,-1,-1,-1,No Error,,,,nan
10184,2024-04-29,-1,-1,-1,-1,No Error,,,,nan
10185,2024-04-29,-1,-1,-1,-1,No Error,,,,nan
10186,2024-04-29,-1,-1,-1,-1,No Error,,,,nan
11337,2024-04-29,-1,-1,-1,-1,No Error,,,,nan
10738,2024-04-29,-1,-1,-1,-1,No Error,,,,nan
10662,2024-04-29,-1,-1,-1,-1,No Error,,,,nan
10190,2024-04-29,-1,-1,-1,-1,No Error,,,,nan
11146,2024-04-29,-1,-1,-1,-1,No Error,,,,nan
10192,2024-04-29,-1,-1,-1,-1,No Error,,,,nan
11056,2024-04-29,-1,-1,-1,-1,No Error,,,,nan
11614,2024-04-29,-1,-1,-1,-1,No Error,,,,nan
10195,2024-04-29,-1,-1,-1,-1,No Error,,,,nan
10196,2024-04-29,-1,-1,-1,-1,No Error,,,,nan
10197,2024-04-29,-1,-1,-1,-1,No Error,,,,nan
11953,2024-04-29,-1,-1,-1,-1,No Error,,,,nan
10199,2024-04-29,-1,-1,-1,-1,No Error,,,,nan
11324,2024-04-29,-1,-1,-1,-1,No Error,,,,nan
10201,2024-04-29,-1,-1,-1,-1,No Error,,,,nan
10202,2024-04-29,-1,-1,-1,-1,No Error,,,,nan
10203,2024-04-29,-1,-1,-1,-1,No Error,,,,nan
10423,2024-04-29,-1,-1,-1,-1,No Error,,,,nan
10205,2024-04-29,-1,-1,-1,-1,No Error,,,,nan
10206,2024-04-29,-1,-1,-1,-1,No Error,,,,nan
10207,2024-04-29,-1,-1,-1,-1,No Error,,,,nan
10208,2024-04-29,-1,-1,-1,-1,No Error,,,,nan
10209,2024-04-29,-1,-1,-1,-1,No Error,,,,nan
10210,2024-04-29,-1,-1,-1,-1,No Error,,,,nan
10211,2024-04-29,-1,-1,-1,-1,No Error,,,,nan
10212,2024-04-29,-1,-1,-1,-1,No Error,,,,nan
10213,2024-04-29,-1,-1,-1,-1,No Error,,,,nan
11340,2024-04-29,-1,-1,-1,-1,No Error,,,,nan
10565,2024-04-29,-1,-1,-1,-1,No Error,,,,nan
11780,2024-04-29,-1,-1,-1,-1,No Error,,,,nan
10217,2024-04-29,-1,-1,-1,-1,No Error,,,,nan
10218,2024-04-29,-1,-1,-1,-1,No Error,,,,nan
10627,2024-04-29,-1,-1,-1,-1,No Error,,,,nan
11575,2024-04-29,-1,-1,-1,-1,No Error,,,,nan
10221,2024-04-29,-1,-1,-1,-1,No Error,,,,nan
10222,2024-04-29,-1,-1,-1,-1,No Error,,,,nan
10791,2024-04-29,-1,-1,-1,-1,No Error,,,,nan
11889,2024-04-29,-1,-1,-1,-1,No Error,,,,nan
10225,2024-04-29,-1,-1,-1,-1,No Error,,,,nan
10226,2024-04-29,-1,-1,-1,-1,No Error,,,,nan
10227,2024-04-29,-1,-1,-1,-1,No Error,,,,nan
10228,2024-04-29,-1,-1,-1,-1,No Error,,,,nan
10229,2024-04-29,-1,-1,-1,-1,No Error,,,,nan
10230,2024-04-29,-1,-1,-1,-1,No Error,,,,nan
10231,2024-04-29,-1,-1,-1,-1,No Error,,,,nan
10232,2024-04-29,-1,-1,-1,-1,No Error,,,,nan
10233,2024-04-29,-1,-1,-1,-1,No Error,,,,nan
10467,2024-04-29,-1,-1,-1,-1,No Error,,,,nan
11600,2024-04-29,-1,-1,-1,-1,No Error,,,,nan
10236,2024-04-29,-1,-1,-1,-1,No Error,,,,nan
10237,2024-04-29,-1,-1,-1,-1,No Error,,,,nan
10506,2024-04-29,-1,-1,-1,-1,No Error,,,,nan
10239,2024-04-29,-1,-1,-1,-1,No Error,,,,nan
10240,2024-04-29,-1,-1,-1,-1,No Error,,,,nan
10060,2024-04-29,-1,-1,-1,-1,No Error,,,,nan
10242,2024-04-29,-1,-1,-1,-1,No Error,,,,nan
10243,2024-04-29,-1,-1,-1,-1,No Error,,,,nan
10244,2024-04-29,-1,-1,-1,-1,No Error,,,,nan
10245,2024-04-29,-1,-1,-1,-1,No Error,,,,nan
10246,2024-04-29,-1,-1,-1,-1,No Error,,,,nan
10948,2024-04-29,-1,-1,-1,-1,No Error,,,,nan
11980,2024-04-29,-1,-1,-1,-1,No Error,,,,nan
10249,2024-04-29,-1,-1,-1,-1,No Error,,,,nan
10915,2024-04-29,-1,-1,-1,-1,No Error,,,,nan
10251,2024-04-29,-1,-1,-1,-1,No Error,,,,nan
10252,2024-04-29,-1,-1,-1,-1,No Error,,,,nan
11612,2024-04-29,-1,-1,-1,-1,No Error,,,,nan
10254,2024-04-29,-1,-1,-1,-1,No Error,,,,nan
10255,2024-04-29,-1,-1,-1,-1,No Error,,,,nan
10256,2024-04-29,-1,-1,-1,-1,No Error,,,,nan
10257,2024-04-29,-1,-1,-1,-1,No Error,,,,nan
11041,2024-04-29,-1,-1,-1,-1,No Error,,,,nan
10259,2024-04-29,-1,-1,-1,-1,No Error,,,,nan
10281,2024-04-29,-1,-1,-1,-1,No Error,,,,nan
10261,2024-04-29,-1,-1,-1,-1,No Error,,,,nan
11769,2024-04-29,-1,-1,-1,-1,No Error,,,,nan
10263,2024-04-29,-1,-1,-1,-1,No Error,,,,nan
11367,2024-04-29,-1,-1,-1,-1,No Error,,,,nan
10265,2024-04-29,-1,-1,-1,-1,No Error,,,,nan
10812,2024-04-29,-1,-1,-1,-1,No Error,,,,nan
11934,2024-04-29,-1,-1,-1,-1,No Error,,,,nan
10268,2024-04-29,-1,-1,-1,-1,No Error,,,,nan
10269,2024-04-29,-1,-1,-1,-1,No Error,,,,nan
10270,2024-04-29,-1,-1,-1,-1,No Error,,,,nan
10271,2024-04-29,-1,-1,-1,-1,No Error,,,,nan
10272,2024-04-29,-1,-1,-1,-1,No Error,,,,nan
10273,2024-04-29,-1,-1,-1,-1,No Error,,,,nan
10274,2024-04-29,-1,-1,-1,-1,No Error,,,,nan
10275,2024-04-29,-1,-1,-1,-1,No Error,,,,nan
10702,2024-04-29,-1,-1,-1,-1,No Error,,,,nan
10299,2024-04-29,-1,-1,-1,-1,No Error,,,,nan
11184,2024-04-29,-1,-1,-1,-1,No Error,,,,nan
10279,2024-04-29,-1,-1,-1,-1,No Error,,,,nan
10280,2024-04-29,-1,-1,-1,-1,No Error,,,,nan
10333,2024-04-29,-1,-1,-1,-1,No Error,,,,nan
10777,2024-04-29,-1,-1,-1,-1,No Error,,,,nan
10283,2024-04-29,-1,-1,-1,-1,No Error,,,,nan
10284,2024-04-29,-1,-1,-1,-1,No Error,,,,nan
10285,2024-04-29,-1,-1,-1,-1,No Error,,,,nan
10286,2024-04-29,-1,-1,-1,-1,No Error,,,,nan
10287,2024-04-29,-1,-1,-1,-1,No Error,,,,nan
10288,2024-04-29,-1,-1,-1,-1,No Error,,,,nan
10289,2024-04-29,-1,-1,-1,-1,No Error,,,,nan
11929,2024-04-29,-1,-1,-1,-1,No Error,,,,nan
10291,2024-04-29,-1,-1,-1,-1,No Error,,,,nan
10292,2024-04-29,-1,-1,-1,-1,No Error,,,,nan
11628,2024-04-29,-1,-1,-1,-1,No Error,,,,nan
10503,2024-04-29,-1,-1,-1,-1,No Error,,,,nan
11031,2024-04-29,-1,-1,-1,-1,No Error,,,,nan
10296,2024-04-29,-1,-1,-1,-1,No Error,,,,nan
10297,2024-04-29,-1,-1,-1,-1,No Error,,,,nan
10298,2024-04-29,-1,-1,-1,-1,No Error,,,,nan
11805,2024-04-29,-1,-1,-1,-1,No Error,,,,nan
10300,2024-04-29,-1,-1,-1,-1,No Error,,,,nan
11998,2024-04-29,-1,-1,-1,-1,No Error,,,,nan
11364,2024-04-29,-1,-1,-1,-1,No Error,,,,nan
10303,2024-04-29,-1,-1,-1,-1,No Error,,,,nan
10304,2024-04-29,-1,-1,-1,-1,No Error,,,,nan
10773,2024-04-29,-1,-1,-1,-1,No Error,,,,nan
11006,2024-04-29,-1,-1,-1,-1,No Error,,,,nan
11519,2024-04-29,-1,-1,-1,-1,No Error,,,,nan
11274,2024-04-29,-1,-1,-1,-1,No Error,,,,nan
10309,2024-04-29,-1,-1,-1,-1,No Error,,,,nan
11603,2024-04-29,-1,-1,-1,-1,No Error,,,,nan
10311,2024-04-29,-1,-1,-1,-1,No Error,,,,nan
11654,2024-04-29,-1,-1,-1,-1,No Error,,,,nan
10039,2024-04-29,-1,-1,-1,-1,No Error,,,,nan
10314,2024-04-29,-1,-1,-1,-1,No Error,,,,nan
10315,2024-04-29,-1,-1,-1,-1,No Error,,,,nan
10316,2024-04-29,-1,-1,-1,-1,No Error,,,,nan
10317,2024-04-29,-1,-1,-1,-1,No Error,,,,nan
10318,2024-04-29,-1,-1,-1,-1,No Error,,,,nan
11305,2024-04-29,-1,-1,-1,-1,No Error,,,,nan
10320,2024-04-29,-1,-1,-1,-1,No Error,,,,nan
10321,2024-04-29,-1,-1,-1,-1,No Error,,,,nan
10322,2024-04-29,-1,-1,-1,-1,No Error,,,,nan
10323,2024-04-29,-1,-1,-1,-1,No Error,,,,nan
11819,2024-04-29,-1,-1,-1,-1,No Error,,,,nan
10325,2024-04-29,-1,-1,-1,-1,No Error,,,,nan
10533,2024-04-29,-1,-1,-1,-1,No Error,,,,nan
10327,2024-04-29,-1,-1,-1,-1,No Error,,,,nan
11194,2024-04-29,-1,-1,-1,-1,No Error,,,,nan
10329,2024-04-29,-1,-1,-1,-1,No Error,,,,nan
10330,2024-04-29,-1,-1,-1,-1,No Error,,,,nan
11262,2024-04-29,-1,-1,-1,-1,No Error,,,,nan
10471,2024-04-29,-1,-1,-1,-1,No Error,,,,nan
10542,2024-04-29,-1,-1,-1,-1,No Error,,,,nan
10554,2024-04-29,-1,-1,-1,-1,No Error,,,,nan
10984,2024-04-29,-1,-1,-1,-1,No Error,,,,nan
10862,2024-04-29,-1,-1,-1,-1,No Error,,,,nan
10337,2024-04-29,-1,-1,-1,-1,No Error,,,,nan
10161,2024-04-29,-1,-1,-1,-1,No Error,,,,nan
10166,2024-04-29,-1,-1,-1,-1,No Error,,,,nan
10340,2024-04-29,-1,-1,-1,-1,No Error,,,,nan
10341,2024-04-29,-1,-1,-1,-1,No Error,,,,nan
10799,2024-04-29,-1,-1,-1,-1,No Error,,,,nan
10883,2024-04-29,-1,-1,-1,-1,No Error,,,,nan
10470,2024-04-29,-1,-1,-1,-1,No Error,,,,nan
10345,2024-04-29,-1,-1,-1,-1,No Error,,,,nan
10346,2024-04-29,-1,-1,-1,-1,No Error,,,,nan
10347,2024-04-29,-1,-1,-1,-1,No Error,,,,nan
10348,2024-04-29,-1,-1,-1,-1,No Error,,,,nan
10349,2024-04-29,-1,-1,-1,-1,No Error,,,,nan
11255,2024-04-29,-1,-1,-1,-1,No Error,,,,nan
10066,2024-04-29,-1,-1,-1,-1,No Error,,,,nan
10352,2024-04-29,-1,-1,-1,-1,No Error,,,,nan
11615,2024-04-29,-1,-1,-1,-1,No Error,,,,nan
10354,2024-04-29,-1,-1,-1,-1,No Error,,,,nan
10355,2024-04-29,-1,-1,-1,-1,No Error,,,,nan
10356,2024-04-29,-1,-1,-1,-1,No Error,,,,nan
10357,2024-04-29,-1,-1,-1,-1,No Error,,,,nan
11937,2024-04-29,-1,-1,-1,-1,No Error,,,,nan
11311,2024-04-29,-1,-1,-1,-1,No Error,,,,nan
10360,2024-04-29,-1,-1,-1,-1,No Error,,,,nan
10361,2024-04-29,-1,-1,-1,-1,No Error,,,,nan
11047,2024-04-29,-1,-1,-1,-1,No Error,,,,nan
11639,2024-04-29,-1,-1,-1,-1,No Error,,,,nan
10364,2024-04-29,-1,-1,-1,-1,No Error,,,,nan
10365,2024-04-29,-1,-1,-1,-1,No Error,,,,nan
10366,2024-04-29,-1,-1,-1,-1,No Error,,,,nan
11866,2024-04-29,-1,-1,-1,-1,No Error,,,,nan
10368,2024-04-29,-1,-1,-1,-1,No Error,,,,nan
10867,2024-04-29,-1,-1,-1,-1,No Error,,,,nan
10370,2024-04-29,-1,-1,-1,-1,No Error,,,,nan
10371,2024-04-29,-1,-1,-1,-1,No Error,,,,nan
11536,2024-04-29,-1,-1,-1,-1,No Error,,,,nan
10373,2024-04-29,-1,-1,-1,-1,No Error,,,,nan
10374,2024-04-29,-1,-1,-1,-1,No Error,,,,nan
10067,2024-04-29,-1,-1,-1,-1,No Error,,,,nan
10093,2024-04-29,-1,-1,-1,-1,No Error,,,,nan
10377,2024-04-29,-1,-1,-1,-1,No Error,,,,nan
11250,2024-04-29,-1,-1,-1,-1,No Error,,,,nan
10379,2024-04-29,-1,-1,-1,-1,No Error,,,,nan
10380,2024-04-29,-1,-1,-1,-1,No Error,,,,nan
10381,2024-04-29,-1,-1,-1,-1,No Error,,,,nan
10033,2024-04-29,-1,-1,-1,-1,No Error,,,,nan
10383,2024-04-29,-1,-1,-1,-1,No Error,,,,nan
11343,2024-04-29,-1,-1,-1,-1,No Error,,,,nan
10576,2024-04-29,-1,-1,-1,-1,No Error,,,,nan
10386,2024-04-29,-1,-1,-1,-1,No Error,,,,nan
10387,2024-04-29,-1,-1,-1,-1,No Error,,,,nan
10388,2024-04-29,-1,-1,-1,-1,No Error,,,,nan
11815,2024-04-29,-1,-1,-1,-1,No Error,,,,nan
10390,2024-04-29,-1,-1,-1,-1,No Error,,,,nan
10391,2024-04-29,-1,-1,-1,-1,No Error,,,,nan
10392,2024-04-29,-1,-1,-1,-1,No Error,,,,nan
10393,2024-04-29,-1,-1,-1,-1,No Error,,,,nan
10394,2024-04-29,-1,-1,-1,-1,No Error,,,,nan
10395,2024-04-29,-1,-1,-1,-1,No Error,,,,nan
10396,2024-04-29,-1,-1,-1,-1,No Error,,,,nan
10397,2024-04-29,-1,-1,-1,-1,No Error,,,,nan
10398,2024-04-29,-1,-1,-1,-1,No Error,,,,nan
10911,2024-04-29,-1,-1,-1,-1,No Error,,,,nan
10400,2024-04-29,-1,-1,-1,-1,No Error,,,,nan
10401,2024-04-29,-1,-1,-1,-1,No Error,,,,nan
10402,2024-04-29,-1,-1,-1,-1,No Error,,,,nan
10260,2024-04-29,-1,-1,-1,-1,No Error,,,,nan
10404,2024-04-29,-1,-1,-1,-1,No Error,,,,nan
10405,2024-04-29,-1,-1,-1,-1,No Error,,,,nan
10248,2024-04-29,-1,-1,-1,-1,No Error,,,,nan
10604,2024-04-29,-1,-1,-1,-1,No Error,,,,nan
10408,2024-04-29,-1,-1,-1,-1,No Error,,,,nan
10409,2024-04-29,-1,-1,-1,-1,No Error,,,,nan
10410,2024-04-29,-1,-1,-1,-1,No Error,,,,nan
10411,2024-04-29,-1,-1,-1,-1,No Error,,,,nan
10845,2024-04-29,-1,-1,-1,-1,No Error,,,,nan
10413,2024-04-29,-1,-1,-1,-1,No Error,,,,nan
10414,2024-04-29,-1,-1,-1,-1,No Error,,,,nan
10219,2024-04-29,-1,-1,-1,-1,No Error,,,,nan
10416,2024-04-29,-1,-1,-1,-1,No Error,,,,nan
10417,2024-04-29,-1,-1,-1,-1,No Error,,,,nan
10418,2024-04-29,-1,-1,-1,-1,No Error,,,,nan
10419,2024-04-29,-1,-1,-1,-1,No Error,,,,nan
10420,2024-04-29,-1,-1,-1,-1,No Error,,,,nan
11594,2024-04-29,-1,-1,-1,-1,No Error,,,,nan
10353,2024-04-29,-1,-1,-1,-1,No Error,,,,nan
10324,2024-04-29,-1,-1,-1,-1,No Error,,,,nan
10424,2024-04-29,-1,-1,-1,-1,No Error,,,,nan
10425,2024-04-29,-1,-1,-1,-1,No Error,,,,nan
10426,2024-04-29,-1,-1,-1,-1,No Error,,,,nan
10427,2024-04-29,-1,-1,-1,-1,No Error,,,,nan
10428,2024-04-29,-1,-1,-1,-1,No Error,,,,nan
10429,2024-04-29,-1,-1,-1,-1,No Error,,,,nan
10430,2024-04-29,-1,-1,-1,-1,No Error,,,,nan
10431,2024-04-29,-1,-1,-1,-1,No Error,,,,nan
10887,2024-04-29,-1,-1,-1,-1,No Error,,,,nan
10433,2024-04-29,-1,-1,-1,-1,No Error,,,,nan
10434,2024-04-29,-1,-1,-1,-1,No Error,,,,nan
10743,2024-04-29,-1,-1,-1,-1,No Error,,,,nan
10436,2024-04-29,-1,-1,-1,-1,No Error,,,,nan
10437,2024-04-29,-1,-1,-1,-1,No Error,,,,nan
10438,2024-04-29,-1,-1,-1,-1,No Error,,,,nan
10439,2024-04-29,-1,-1,-1,-1,No Error,,,,nan
10440,2024-04-29,-1,-1,-1,-1,No Error,,,,nan
10441,2024-04-29,-1,-1,-1,-1,No Error,,,,nan
10442,2024-04-29,-1,-1,-1,-1,No Error,,,,nan
10757,2024-04-29,-1,-1,-1,-1,No Error,,,,nan
10444,2024-04-29,-1,-1,-1,-1,No Error,,,,nan
10047,2024-04-29,-1,-1,-1,-1,No Error,,,,nan
10446,2024-04-29,-1,-1,-1,-1,No Error,,,,nan
11029,2024-04-29,-1,-1,-1,-1,No Error,,,,nan
10448,2024-04-29,-1,-1,-1,-1,No Error,,,,nan
11302,2024-04-29,-1,-1,-1,-1,No Error,,,,nan
10450,2024-04-29,-1,-1,-1,-1,No Error,,,,nan
10451,2024-04-29,-1,-1,-1,-1,No Error,,,,nan
10452,2024-04-29,-1,-1,-1,-1,No Error,,,,nan
10106,2024-04-29,-1,-1,-1,-1,No Error,,,,nan
10454,2024-04-29,-1,-1,-1,-1,No Error,,,,nan
10455,2024-04-29,-1,-1,-1,-1,No Error,,,,nan
10526,2024-04-29,-1,-1,-1,-1,No Error,,,,nan
10457,2024-04-29,-1,-1,-1,-1,No Error,,,,nan
10505,2024-04-29,-1,-1,-1,-1,No Error,,,,nan
10459,2024-04-29,-1,-1,-1,-1,No Error,,,,nan
11872,2024-04-29,-1,-1,-1,-1,No Error,,,,nan
10461,2024-04-29,-1,-1,-1,-1,No Error,,,,nan
10758,2024-04-29,-1,-1,-1,-1,No Error,,,,nan
10463,2024-04-29,-1,-1,-1,-1,No Error,,,,nan
11884,2024-04-29,-1,-1,-1,-1,No Error,,,,nan
10465,2024-04-29,-1,-1,-1,-1,No Error,,,,nan
10466,2024-04-29,-1,-1,-1,-1,No Error,,,,nan
10403,2024-04-29,-1,-1,-1,-1,No Error,,,,nan
10421,2024-04-29,-1,-1,-1,-1,No Error,,,,nan
10469,2024-04-29,-1,-1,-1,-1,No Error,,,,nan
10175,2024-04-29,-1,-1,-1,-1,No Error,,,,nan
10934,2024-04-29,-1,-1,-1,-1,No Error,,,,nan
10472,2024-04-29,-1,-1,-1,-1,No Error,,,,nan
10473,2024-04-29,-1,-1,-1,-1,No Error,,,,nan
10474,2024-04-29,-1,-1,-1,-1,No Error,,,,nan
10475,2024-04-29,-1,-1,-1,-1,No Error,,,,nan
11434,2024-04-29,-1,-1,-1,-1,No Error,,,,nan
11493,2024-04-29,-1,-1,-1,-1,No Error,,,,nan
11856,2024-04-29,-1,-1,-1,-1,No Error,,,,nan
10816,2024-04-29,-1,-1,-1,-1,No Error,,,,nan
10480,2024-04-29,-1,-1,-1,-1,No Error,,,,nan
10481,2024-04-29,-1,-1,-1,-1,No Error,,,,nan
10482,2024-04-29,-1,-1,-1,-1,No Error,,,,nan
10483,2024-04-29,-1,-1,-1,-1,No Error,,,,nan
10484,2024-04-29,-1,-1,-1,-1,No Error,,,,nan
10485,2024-04-29,-1,-1,-1,-1,No Error,,,,nan
10258,2024-04-29,-1,-1,-1,-1,No Error,,,,nan
10931,2024-04-29,-1,-1,-1,-1,No Error,,,,nan
10488,2024-04-29,-1,-1,-1,-1,No Error,,,,nan
11996,2024-04-29,-1,-1,-1,-1,No Error,,,,nan
10658,2024-04-29,-1,-1,-1,-1,No Error,,,,nan
10491,2024-04-29,-1,-1,-1,-1,No Error,,,,nan
10492,2024-04-29,-1,-1,-1,-1,No Error,,,,nan
11918,2024-04-29,-1,-1,-1,-1,No Error,,,,nan
10494,2024-04-29,-1,-1,-1,-1,No Error,,,,nan
10945,2024-04-29,-1,-1,-1,-1,No Error,,,,nan
10496,2024-04-29,-1,-1,-1,-1,No Error,,,,nan
10497,2024-04-29,-1,-1,-1,-1,No Error,,,,nan
10498,2024-04-29,-1,-1,-1,-1,No Error,,,,nan
10499,2024-04-29,-1,-1,-1,-1,No Error,,,,nan
10500,2024-04-29,-1,-1,-1,-1,No Error,,,,nan
11257,2024-04-29,-1,-1,-1,-1,No Error,,,,nan
10502,2024-04-29,-1,-1,-1,-1,No Error,,,,nan
11293,2024-04-29,-1,-1,-1,-1,No Error,,,,nan
10504,2024-04-29,-1,-1,-1,-1,No Error,,,,nan
11595,2024-04-29,-1,-1,-1,-1,No Error,,,,nan
11529,2024-04-29,-1,-1,-1,-1,No Error,,,,nan
10507,2024-04-29,-1,-1,-1,-1,No Error,,,,nan
10508,2024-04-29,-1,-1,-1,-1,No Error,,,,nan
10331,2024-04-29,-1,-1,-1,-1,No Error,,,,nan
11087,2024-04-29,-1,-1,-1,-1,No Error,,,,nan
10511,2024-04-29,-1,-1,-1,-1,No Error,,,,nan
10512,2024-04-29,-1,-1,-1,-1,No Error,,,,nan
10513,2024-04-29,-1,-1,-1,-1,No Error,,,,nan
10514,2024-04-29,-1,-1,-1,-1,No Error,,,,nan
11097,2024-04-29,-1,-1,-1,-1,No Error,,,,nan
10516,2024-04-29,-1,-1,-1,-1,No Error,,,,nan
10517,2024-04-29,-1,-1,-1,-1,No Error,,,,nan
10959,2024-04-29,-1,-1,-1,-1,No Error,,,,nan
10519,2024-04-29,-1,-1,-1,-1,No Error,,,,nan
10520,2024-04-29,-1,-1,-1,-1,No Error,,,,nan
10521,2024-04-29,-1,-1,-1,-1,No Error,,,,nan
10204,2024-04-29,-1,-1,-1,-1,No Error,,,,nan
10159,2024-04-29,-1,-1,-1,-1,No Error,,,,nan
10896,2024-04-29,-1,-1,-1,-1,No Error,,,,nan
10525,2024-04-29,-1,-1,-1,-1,No Error,,,,nan
10170,2024-04-29,-1,-1,-1,-1,No Error,,,,nan
10527,2024-04-29,-1,-1,-1,-1,No Error,,,,nan
10528,2024-04-29,-1,-1,-1,-1,No Error,,,,nan
11966,2024-04-29,-1,-1,-1,-1,No Error,,,,nan
10362,2024-04-29,-1,-1,-1,-1,No Error,,,,nan
10531,2024-04-29,-1,-1,-1,-1,No Error,,,,nan
10532,2024-04-29,-1,-1,-1,-1,No Error,,,,nan
10490,2024-04-29,-1,-1,-1,-1,No Error,,,,nan
10534,2024-04-29,-1,-1,-1,-1,No Error,,,,nan
10339,2024-04-29,-1,-1,-1,-1,No Error,,,,nan
10536,2024-04-29,-1,-1,-1,-1,No Error,,,,nan
10537,2024-04-29,-1,-1,-1,-1,No Error,,,,nan
10538,2024-04-29,-1,-1,-1,-1,No Error,,,,nan
10539,2024-04-29,-1,-1,-1,-1,No Error,,,,nan
10540,2024-04-29,-1,-1,-1,-1,No Error,,,,nan
10541,2024-04-29,-1,-1,-1,-1,No Error,,,,nan
11507,2024-04-29,-1,-1,-1,-1,No Error,,,,nan
10168,2024-04-29,-1,-1,-1,-1,No Error,,,,nan
11832,2024-04-29,-1,-1,-1,-1,No Error,,,,nan
10545,2024-04-29,-1,-1,-1,-1,No Error,,,,nan
10546,2024-04-29,-1,-1,-1,-1,No Error,,,,nan
10547,2024-04-29,-1,-1,-1,-1,No Error,,,,nan
10548,2024-04-29,-1,-1,-1,-1,No Error,,,,nan
10549,2024-04-29,-1,-1,-1,-1,No Error,,,,nan
10550,2024-04-29,-1,-1,-1,-1,No Error,,,,nan
10551,2024-04-29,-1,-1,-1,-1,No Error,,,,nan
11414,2024-04-29,-1,-1,-1,-1,No Error,,,,nan
10553,2024-04-29,-1,-1,-1,-1,No Error,,,,nan
10215,2024-04-29,-1,-1,-1,-1,No Error,,,,nan
10555,2024-04-29,-1,-1,-1,-1,No Error,,,,nan
10556,2024-04-29,-1,-1,-1,-1,No Error,,,,nan
10557,2024-04-29,-1,-1,-1,-1,No Error,,,,nan
10558,2024-04-29,-1,-1,-1,-1,No Error,,,,nan
11261,2024-04-29,-1,-1,-1,-1,No Error,,,,nan
10560,2024-04-29,-1,-1,-1,-1,No Error,,,,nan
10561,2024-04-29,-1,-1,-1,-1,No Error,,,,nan
11912,2024-04-29,-1,-1,-1,-1,No Error,,,,nan
10563,2024-04-29,-1,-1,-1,-1,No Error,,,,nan
10564,2024-04-29,-1,-1,-1,-1,No Error,,,,nan
11494,2024-04-29,-1,-1,-1,-1,No Error,,,,nan
10566,2024-04-29,-1,-1,-1,-1,No Error,,,,nan
11752,2024-04-29,-1,-1,-1,-1,No Error,,,,nan
10568,2024-04-29,-1,-1,-1,-1,No Error,,,,nan
10569,2024-04-29,-1,-1,-1,-1,No Error,,,,nan
10570,2024-04-29,-1,-1,-1,-1,No Error,,,,nan
10571,2024-04-29,-1,-1,-1,-1,No Error,,,,nan
11254,2024-04-29,-1,-1,-1,-1,No Error,,,,nan
10573,2024-04-29,-1,-1,-1,-1,No Error,,,,nan
10574,2024-04-29,-1,-1,-1,-1,No Error,,,,nan
10575,2024-04-29,-1,-1,-1,-1,No Error,,,,nan
10478,2024-04-29,-1,-1,-1,-1,No Error,,,,nan
10577,2024-04-29,-1,-1,-1,-1,No Error,,,,nan
10578,2024-04-29,-1,-1,-1,-1,No Error,,,,nan
10035,2024-04-29,-1,-1,-1,-1,No Error,,,,nan
10580,2024-04-29,-1,-1,-1,-1,No Error,,,,nan
10581,2024-04-29,-1,-1,-1,-1,No Error,,,,nan
10582,2024-04-29,-1,-1,-1,-1,No Error,,,,nan
10583,2024-04-29,-1,-1,-1,-1,No Error,,,,nan
10584,2024-04-29,-1,-1,-1,-1,No Error,,,,nan
10585,2024-04-29,-1,-1,-1,-1,No Error,,,,nan
10586,2024-04-29,-1,-1,-1,-1,No Error,,,,nan
10587,2024-04-29,-1,-1,-1,-1,No Error,,,,nan
10588,2024-04-29,-1,-1,-1,-1,No Error,,,,nan
10589,2024-04-29,-1,-1,-1,-1,No Error,,,,nan
10590,2024-04-29,-1,-1,-1,-1,No Error,,,,nan
10591,2024-04-29,-1,-1,-1,-1,No Error,,,,nan
10592,2024-04-29,-1,-1,-1,-1,No Error,,,,nan
10593,2024-04-29,-1,-1,-1,-1,No Error,,,,nan
10594,2024-04-29,-1,-1,-1,-1,No Error,,,,nan
10595,2024-04-29,-1,-1,-1,-1,No Error,,,,nan
10596,2024-04-29,-1,-1,-1,-1,No Error,,,,nan
10597,2024-04-29,-1,-1,-1,-1,No Error,,,,nan
10598,2024-04-29,-1,-1,-1,-1,No Error,,,,nan
10302,2024-04-29,-1,-1,-1,-1,No Error,,,,nan
10600,2024-04-29,-1,-1,-1,-1,No Error,,,,nan
10601,2024-04-29,-1,-1,-1,-1,No Error,,,,nan
10602,2024-04-29,-1,-1,-1,-1,No Error,,,,nan
10603,2024-04-29,-1,-1,-1,-1,No Error,,,,nan
10369,2024-04-29,-1,-1,-1,-1,No Error,,,,nan
10605,2024-04-29,-1,-1,-1,-1,No Error,,,,nan
10307,2024-04-29,-1,-1,-1,-1,No Error,,,,nan
10607,2024-04-29,-1,-1,-1,-1,No Error,,,,nan
11629,2024-04-29,-1,-1,-1,-1,No Error,,,,nan
10609,2024-04-29,-1,-1,-1,-1,No Error,,,,nan
10610,2024-04-29,-1,-1,-1,-1,No Error,,,,nan
10611,2024-04-29,-1,-1,-1,-1,No Error,,,,nan
10612,2024-04-29,-1,-1,-1,-1,No Error,,,,nan
10312,2024-04-29,-1,-1,-1,-1,No Error,,,,nan
10614,2024-04-29,-1,-1,-1,-1,No Error,,,,nan
10615,2024-04-29,-1,-1,-1,-1,No Error,,,,nan
10616,2024-04-29,-1,-1,-1,-1,No Error,,,,nan
10617,2024-04-29,-1,-1,-1,-1,No Error,,,,nan
10618,2024-04-29,-1,-1,-1,-1,No Error,,,,nan
10619,2024-04-29,-1,-1,-1,-1,No Error,,,,nan
10620,2024-04-29,-1,-1,-1,-1,No Error,,,,nan
10621,2024-04-29,-1,-1,-1,-1,No Error,,,,nan
11861,2024-04-29,-1,-1,-1,-1,No Error,,,,nan
10623,2024-04-29,-1,-1,-1,-1,No Error,,,,nan
11385,2024-04-29,-1,-1,-1,-1,No Error,,,,nan
10625,2024-04-29,-1,-1,-1,-1,No Error,,,,nan
11252,2024-04-29,-1,-1,-1,-1,No Error,,,,nan
11492,2024-04-29,-1,-1,-1,-1,No Error,,,,nan
10628,2024-04-29,-1,-1,-1,-1,No Error,,,,nan
10629,2024-04-29,-1,-1,-1,-1,No Error,,,,nan
10630,2024-04-29,-1,-1,-1,-1,No Error,,,,nan
10631,2024-04-29,-1,-1,-1,-1,No Error,,,,nan
11638,2024-04-29,-1,-1,-1,-1,No Error,,,,nan
10633,2024-04-29,-1,-1,-1,-1,No Error,,,,nan
10634,2024-04-29,-1,-1,-1,-1,No Error,,,,nan
10635,2024-04-29,-1,-1,-1,-1,No Error,,,,nan
10636,2024-04-29,-1,-1,-1,-1,No Error,,,,nan
10637,2024-04-29,-1,-1,-1,-1,No Error,,,,nan
10638,2024-04-29,-1,-1,-1,-1,No Error,,,,nan
10639,2024-04-29,-1,-1,-1,-1,No Error,,,,nan
10640,2024-04-29,-1,-1,-1,-1,No Error,,,,nan
10641,2024-04-29,-1,-1,-1,-1,No Error,,,,nan
10510,2024-04-29,-1,-1,-1,-1,No Error,,,,nan
10643,2024-04-29,-1,-1,-1,-1,No Error,,,,nan
10644,2024-04-29,-1,-1,-1,-1,No Error,,,,nan
10645,2024-04-29,-1,-1,-1,-1,No Error,,,,nan
10646,2024-04-29,-1,-1,-1,-1,No Error,,,,nan
10647,2024-04-29,-1,-1,-1,-1,No Error,,,,nan
10648,2024-04-29,-1,-1,-1,-1,No Error,,,,nan
10649,2024-04-29,-1,-1,-1,-1,No Error,,,,nan
10650,2024-04-29,-1,-1,-1,-1,No Error,,,,nan
11579,2024-04-29,-1,-1,-1,-1,No Error,,,,nan
10652,2024-04-29,-1,-1,-1,-1,No Error,,,,nan
11001,2024-04-29,-1,-1,-1,-1,No Error,,,,nan
10654,2024-04-29,-1,-1,-1,-1,No Error,,,,nan
10655,2024-04-29,-1,-1,-1,-1,No Error,,,,nan
10656,2024-04-29,-1,-1,-1,-1,No Error,,,,nan
10657,2024-04-29,-1,-1,-1,-1,No Error,,,,nan
11035,2024-04-29,-1,-1,-1,-1,No Error,,,,nan
10659,2024-04-29,-1,-1,-1,-1,No Error,,,,nan
10660,2024-04-29,-1,-1,-1,-1,No Error,,,,nan
10661,2024-04-29,-1,-1,-1,-1,No Error,,,,nan
10766,2024-04-29,-1,-1,-1,-1,No Error,,,,nan
10663,2024-04-29,-1,-1,-1,-1,No Error,,,,nan
10664,2024-04-29,-1,-1,-1,-1,No Error,,,,nan
10019,2024-04-29,-1,-1,-1,-1,No Error,,,,nan
10666,2024-04-29,-1,-1,-1,-1,No Error,,,,nan
10399,2024-04-29,-1,-1,-1,-1,No Error,,,,nan
10668,2024-04-29,-1,-1,-1,-1,No Error,,,,nan
10194,2024-04-29,-1,-1,-1,-1,No Error,,,,nan
10670,2024-04-29,-1,-1,-1,-1,No Error,,,,nan
10671,2024-04-29,-1,-1,-1,-1,No Error,,,,nan
10672,2024-04-29,-1,-1,-1,-1,No Error,,,,nan
10673,2024-04-29,-1,-1,-1,-1,No Error,,,,nan
11533,2024-04-29,-1,-1,-1,-1,No Error,,,,nan
10235,2024-04-29,-1,-1,-1,-1,No Error,,,,nan
10676,2024-04-29,-1,-1,-1,-1,No Error,,,,nan
10677,2024-04-29,-1,-1,-1,-1,No Error,,,,nan
10678,2024-04-29,-1,-1,-1,-1,No Error,,,,nan
10679,2024-04-29,-1,-1,-1,-1,No Error,,,,nan
10680,2024-04-29,-1,-1,-1,-1,No Error,,,,nan
10681,2024-04-29,-1,-1,-1,-1,No Error,,,,nan
10682,2024-04-29,-1,-1,-1,-1,No Error,,,,nan
10683,2024-04-29,-1,-1,-1,-1,No Error,,,,nan
10684,2024-04-29,-1,-1,-1,-1,No Error,,,,nan
10685,2024-04-29,-1,-1,-1,-1,No Error,,,,nan
10686,2024-04-29,-1,-1,-1,-1,No Error,,,,nan
10687,2024-04-29,-1,-1,-1,-1,No Error,,,,nan
10688,2024-04-29,-1,-1,-1,-1,No Error,,,,nan
10689,2024-04-29,-1,-1,-1,-1,No Error,,,,nan
10690,2024-04-29,-1,-1,-1,-1,No Error,,,,nan
10264,2024-04-29,-1,-1,-1,-1,No Error,,,,nan
10692,2024-04-29,-1,-1,-1,-1,No Error,,,,nan
10693,2024-04-29,-1,-1,-1,-1,No Error,,,,nan
10694,2024-04-29,-1,-1,-1,-1,No Error,,,,nan
10695,2024-04-29,-1,-1,-1,-1,No Error,,,,nan
10696,2024-04-29,-1,-1,-1,-1,No Error,,,,nan
10697,2024-04-29,-1,-1,-1,-1,No Error,,,,nan
10698,2024-04-29,-1,-1,-1,-1,No Error,,,,nan
10699,2024-04-29,-1,-1,-1,-1,No Error,,,,nan
10700,2024-04-29,-1,-1,-1,-1,No Error,,,,nan
10278,2024-04-29,-1,-1,-1,-1,No Error,,,,nan
11415,2024-04-29,-1,-1,-1,-1,No Error,,,,nan
10422,2024-04-29,-1,-1,-1,-1,No Error,,,,nan
10704,2024-04-29,-1,-1,-1,-1,No Error,,,,nan
11419,2024-04-29,-1,-1,-1,-1,No Error,,,,nan
10706,2024-04-29,-1,-1,-1,-1,No Error,,,,nan
10707,2024-04-29,-1,-1,-1,-1,No Error,,,,nan
10708,2024-04-29,-1,-1,-1,-1,No Error,,,,nan
11045,2024-04-29,-1,-1,-1,-1,No Error,,,,nan
10710,2024-04-29,-1,-1,-1,-1,No Error,,,,nan
10711,2024-04-29,-1,-1,-1,-1,No Error,,,,nan
11708,2024-04-29,-1,-1,-1,-1,No Error,,,,nan
10713,2024-04-29,-1,-1,-1,-1,No Error,,,,nan
10714,2024-04-29,-1,-1,-1,-1,No Error,,,,nan
11712,2024-04-29,-1,-1,-1,-1,No Error,,,,nan
10716,2024-04-29,-1,-1,-1,-1,No Error,,,,nan
10717,2024-04-29,-1,-1,-1,-1,No Error,,,,nan
10718,2024-04-29,-1,-1,-1,-1,No Error,,,,nan
10719,2024-04-29,-1,-1,-1,-1,No Error,,,,nan
10720,2024-04-29,-1,-1,-1,-1,No Error,,,,nan
10335,2024-04-29,-1,-1,-1,-1,No Error,,,,nan
10722,2024-04-29,-1,-1,-1,-1,No Error,,,,nan
10723,2024-04-29,-1,-1,-1,-1,No Error,,,,nan
10724,2024-04-29,-1,-1,-1,-1,No Error,,,,nan
10725,2024-04-29,-1,-1,-1,-1,No Error,,,,nan
10726,2024-04-29,-1,-1,-1,-1,No Error,,,,nan
10727,2024-04-29,-1,-1,-1,-1,No Error,,,,nan
10728,2024-04-29,-1,-1,-1,-1,No Error,,,,nan
10729,2024-04-29,-1,-1,-1,-1,No Error,,,,nan
10730,2024-04-29,-1,-1,-1,-1,No Error,,,,nan
11348,2024-04-29,-1,-1,-1,-1,No Error,,,,nan
10732,2024-04-29,-1,-1,-1,-1,No Error,,,,nan
10038,2024-04-29,-1,-1,-1,-1,No Error,,,,nan
10734,2024-04-29,-1,-1,-1,-1,No Error,,,,nan
10735,2024-04-29,-1,-1,-1,-1,No Error,,,,nan
10114,2024-04-29,-1,-1,-1,-1,No Error,,,,nan
10376,2024-04-29,-1,-1,-1,-1,No Error,,,,nan
11813,2024-04-29,-1,-1,-1,-1,No Error,,,,nan
10832,2024-04-29,-1,-1,-1,-1,No Error,,,,nan
10740,2024-04-29,-1,-1,-1,-1,No Error,,,,nan
10741,2024-04-29,-1,-1,-1,-1,No Error,,,,nan
10742,2024-04-29,-1,-1,-1,-1,No Error,,,,nan
11673,2024-04-29,-1,-1,-1,-1,No Error,,,,nan
10744,2024-04-29,-1,-1,-1,-1,No Error,,,,nan
10745,2024-04-29,-1,-1,-1,-1,No Error,,,,nan
10746,2024-04-29,-1,-1,-1,-1,No Error,,,,nan
10747,2024-04-29,-1,-1,-1,-1,No Error,,,,nan
10748,2024-04-29,-1,-1,-1,-1,No Error,,,,nan
10749,2024-04-29,-1,-1,-1,-1,No Error,,,,nan
10435,2024-04-29,-1,-1,-1,-1,No Error,,,,nan
10751,2024-04-29,-1,-1,-1,-1,No Error,,,,nan
10807,2024-04-29,-1,-1,-1,-1,No Error,,,,nan
10753,2024-04-29,-1,-1,-1,-1,No Error,,,,nan
10754,2024-04-29,-1,-1,-1,-1,No Error,,,,nan
10755,2024-04-29,-1,-1,-1,-1,No Error,,,,nan
10756,2024-04-29,-1,-1,-1,-1,No Error,,,,nan
10086,2024-04-29,-1,-1,-1,-1,No Error,,,,nan
11585,2024-04-29,-1,-1,-1,-1,No Error,,,,nan
10759,2024-04-29,-1,-1,-1,-1,No Error,,,,nan
10760,2024-04-29,-1,-1,-1,-1,No Error,,,,nan
10761,2024-04-29,-1,-1,-1,-1,No Error,,,,nan
10762,2024-04-29,-1,-1,-1,-1,No Error,,,,nan
10763,2024-04-29,-1,-1,-1,-1,No Error,,,,nan
10764,2024-04-29,-1,-1,-1,-1,No Error,,,,nan
10765,2024-04-29,-1,-1,-1,-1,No Error,,,,nan
11413,2024-04-29,-1,-1,-1,-1,No Error,,,,nan
10767,2024-04-29,-1,-1,-1,-1,No Error,,,,nan
11004,2024-04-29,-1,-1,-1,-1,No Error,,,,nan
11443,2024-04-29,-1,-1,-1,-1,No Error,,,,nan
10770,2024-04-29,-1,-1,-1,-1,No Error,,,,nan
10771,2024-04-29,-1,-1,-1,-1,No Error,,,,nan
10772,2024-04-29,-1,-1,-1,-1,No Error,,,,nan
10359,2024-04-29,-1,-1,-1,-1,No Error,,,,nan
10774,2024-04-29,-1,-1,-1,-1,No Error,,,,nan
10775,2024-04-29,-1,-1,-1,-1,No Error,,,,nan
10776,2024-04-29,-1,-1,-1,-1,No Error,,,,nan
10736,2024-04-29,-1,-1,-1,-1,No Error,,,,nan
10622,2024-04-29,-1,-1,-1,-1,No Error,,,,nan
10779,2024-04-29,-1,-1,-1,-1,No Error,,,,nan
10780,2024-04-29,-1,-1,-1,-1,No Error,,,,nan
10781,2024-04-29,-1,-1,-1,-1,No Error,,,,nan
10782,2024-04-29,-1,-1,-1,-1,No Error,,,,nan
10783,2024-04-29,-1,-1,-1,-1,No Error,,,,nan
10784,2024-04-29,-1,-1,-1,-1,No Error,,,,nan
10785,2024-04-29,-1,-1,-1,-1,No Error,,,,nan
10786,2024-04-29,-1,-1,-1,-1,No Error,,,,nan
10572,2024-04-29,-1,-1,-1,-1,No Error,,,,nan
10788,2024-04-29,-1,-1,-1,-1,No Error,,,,nan
11223,2024-04-29,-1,-1,-1,-1,No Error,,,,nan
10790,2024-04-29,-1,-1,-1,-1,No Error,,,,nan
10154,2024-04-29,-1,-1,-1,-1,No Error,,,,nan
10863,2024-04-29,-1,-1,-1,-1,No Error,,,,nan
10793,2024-04-29,-1,-1,-1,-1,No Error,,,,nan
11300,2024-04-29,-1,-1,-1,-1,No Error,,,,nan
10795,2024-04-29,-1,-1,-1,-1,No Error,,,,nan
10796,2024-04-29,-1,-1,-1,-1,No Error,,,,nan
11550,2024-04-29,-1,-1,-1,-1,No Error,,,,nan
10214,2024-04-29,-1,-1,-1,-1,No Error,,,,nan
10712,2024-04-29,-1,-1,-1,-1,No Error,,,,nan
10800,2024-04-29,-1,-1,-1,-1,No Error,,,,nan
10372,2024-04-29,-1,-1,-1,-1,No Error,,,,nan
10802,2024-04-29,-1,-1,-1,-1,No Error,,,,nan
11217,2024-04-29,-1,-1,-1,-1,No Error,,,,nan
10804,2024-04-29,-1,-1,-1,-1,No Error,,,,nan
10805,2024-04-29,-1,-1,-1,-1,No Error,,,,nan
10806,2024-04-29,-1,-1,-1,-1,No Error,,,,nan
10220,2024-04-29,-1,-1,-1,-1,No Error,,,,nan
11201,2024-04-29,-1,-1,-1,-1,No Error,,,,nan
10149,2024-04-29,-1,-1,-1,-1,No Error,,,,nan
10109,2024-04-29,-1,-1,-1,-1,No Error,,,,nan
10811,2024-04-29,-1,-1,-1,-1,No Error,,,,nan
10198,2024-04-29,-1,-1,-1,-1,No Error,,,,nan
11760,2024-04-29,-1,-1,-1,-1,No Error,,,,nan
10814,2024-04-29,-1,-1,-1,-1,No Error,,,,nan
10815,2024-04-29,-1,-1,-1,-1,No Error,,,,nan
10053,2024-04-29,-1,-1,-1,-1,No Error,,,,nan
10817,2024-04-29,-1,-1,-1,-1,No Error,,,,nan
11843,2024-04-29,-1,-1,-1,-1,No Error,,,,nan
10819,2024-04-29,-1,-1,-1,-1,No Error,,,,nan
10820,2024-04-29,-1,-1,-1,-1,No Error,,,,nan
10363,2024-04-29,-1,-1,-1,-1,No Error,,,,nan
10822,2024-04-29,-1,-1,-1,-1,No Error,,,,nan
10823,2024-04-29,-1,-1,-1,-1,No Error,,,,nan
10824,2024-04-29,-1,-1,-1,-1,No Error,,,,nan
10825,2024-04-29,-1,-1,-1,-1,No Error,,,,nan
10826,2024-04-29,-1,-1,-1,-1,No Error,,,,nan
10827,2024-04-29,-1,-1,-1,-1,No Error,,,,nan
10828,2024-04-29,-1,-1,-1,-1,No Error,,,,nan
10829,2024-04-29,-1,-1,-1,-1,No Error,,,,nan
11811,2024-04-29,-1,-1,-1,-1,No Error,,,,nan
10831,2024-04-29,-1,-1,-1,-1,No Error,,,,nan
10476,2024-04-29,-1,-1,-1,-1,No Error,,,,nan
10110,2024-04-29,-1,-1,-1,-1,No Error,,,,nan
10326,2024-04-29,-1,-1,-1,-1,No Error,,,,nan
11883,2024-04-29,-1,-1,-1,-1,No Error,,,,nan
11722,2024-04-29,-1,-1,-1,-1,No Error,,,,nan
10837,2024-04-29,-1,-1,-1,-1,No Error,,,,nan
10838,2024-04-29,-1,-1,-1,-1,No Error,,,,nan
11032,2024-04-29,-1,-1,-1,-1,No Error,,,,nan
10810,2024-04-29,-1,-1,-1,-1,No Error,,,,nan
11062,2024-04-29,-1,-1,-1,-1,No Error,,,,nan
10842,2024-04-29,-1,-1,-1,-1,No Error,,,,nan
10843,2024-04-29,-1,-1,-1,-1,No Error,,,,nan
10844,2024-04-29,-1,-1,-1,-1,No Error,,,,nan
11263,2024-04-29,-1,-1,-1,-1,No Error,,,,nan
10846,2024-04-29,-1,-1,-1,-1,No Error,,,,nan
10847,2024-04-29,-1,-1,-1,-1,No Error,,,,nan
11551,2024-04-29,-1,-1,-1,-1,No Error,,,,nan
10293,2024-04-29,-1,-1,-1,-1,No Error,,,,nan
10850,2024-04-29,-1,-1,-1,-1,No Error,,,,nan
10216,2024-04-29,-1,-1,-1,-1,No Error,,,,nan
10501,2024-04-29,-1,-1,-1,-1,No Error,,,,nan
11944,2024-04-29,-1,-1,-1,-1,No Error,,,,nan
11116,2024-04-29,-1,-1,-1,-1,No Error,,,,nan
10855,2024-04-29,-1,-1,-1,-1,No Error,,,,nan
11018,2024-04-29,-1,-1,-1,-1,No Error,,,,nan
10857,2024-04-29,-1,-1,-1,-1,No Error,,,,nan
10223,2024-04-29,-1,-1,-1,-1,No Error,,,,nan
10859,2024-04-29,-1,-1,-1,-1,No Error,,,,nan
10752,2024-04-29,-1,-1,-1,-1,No Error,,,,nan
10382,2024-04-29,-1,-1,-1,-1,No Error,,,,nan
10342,2024-04-29,-1,-1,-1,-1,No Error,,,,nan
10608,2024-04-29,-1,-1,-1,-1,No Error,,,,nan
10864,2024-04-29,-1,-1,-1,-1,No Error,,,,nan
10865,2024-04-29,-1,-1,-1,-1,No Error,,,,nan
10866,2024-04-29,-1,-1,-1,-1,No Error,,,,nan
11284,2024-04-29,-1,-1,-1,-1,No Error,,,,nan
10871,2024-04-29,-1,-1,-1,-1,No Error,,,,nan
10869,2024-04-29,-1,-1,-1,-1,No Error,,,,nan
10870,2024-04-29,-1,-1,-1,-1,No Error,,,,nan
11982,2024-04-29,-1,-1,-1,-1,No Error,,,,nan
10872,2024-04-29,-1,-1,-1,-1,No Error,,,,nan
10873,2024-04-29,-1,-1,-1,-1,No Error,,,,nan
10874,2024-04-29,-1,-1,-1,-1,No Error,,,,nan
10875,2024-04-29,-1,-1,-1,-1,No Error,,,,nan
10876,2024-04-29,-1,-1,-1,-1,No Error,,,,nan
10877,2024-04-29,-1,-1,-1,-1,No Error,,,,nan
10878,2024-04-29,-1,-1,-1,-1,No Error,,,,nan
10879,2024-04-29,-1,-1,-1,-1,No Error,,,,nan
10880,2024-04-29,-1,-1,-1,-1,No Error,,,,nan
10881,2024-04-29,-1,-1,-1,-1,No Error,,,,nan
10882,2024-04-29,-1,-1,-1,-1,No Error,,,,nan
10852,2024-04-29,-1,-1,-1,-1,No Error,,,,nan
10884,2024-04-29,-1,-1,-1,-1,No Error,,,,nan
10885,2024-04-29,-1,-1,-1,-1,No Error,,,,nan
10886,2024-04-29,-1,-1,-1,-1,No Error,,,,nan
10606,2024-04-29,-1,-1,-1,-1,No Error,,,,nan
11938,2024-04-29,-1,-1,-1,-1,No Error,,,,nan
10889,2024-04-29,-1,-1,-1,-1,No Error,,,,nan
10890,2024-04-29,-1,-1,-1,-1,No Error,,,,nan
10891,2024-04-29,-1,-1,-1,-1,No Error,,,,nan
10892,2024-04-29,-1,-1,-1,-1,No Error,,,,nan
10893,2024-04-29,-1,-1,-1,-1,No Error,,,,nan
10894,2024-04-29,-1,-1,-1,-1,No Error,,,,nan
10477,2024-04-29,-1,-1,-1,-1,No Error,,,,nan
10384,2024-04-29,-1,-1,-1,-1,No Error,,,,nan
10897,2024-04-29,-1,-1,-1,-1,No Error,,,,nan
10898,2024-04-29,-1,-1,-1,-1,No Error,,,,nan
10899,2024-04-29,-1,-1,-1,-1,No Error,,,,nan
10900,2024-04-29,-1,-1,-1,-1,No Error,,,,nan
10901,2024-04-29,-1,-1,-1,-1,No Error,,,,nan
10902,2024-04-29,-1,-1,-1,-1,No Error,,,,nan
10903,2024-04-29,-1,-1,-1,-1,No Error,,,,nan
10904,2024-04-29,-1,-1,-1,-1,No Error,,,,nan
10905,2024-04-29,-1,-1,-1,-1,No Error,,,,nan
10906,2024-04-29,-1,-1,-1,-1,No Error,,,,nan
10907,2024-04-29,-1,-1,-1,-1,No Error,,,,nan
10266,2024-04-29,-1,-1,-1,-1,No Error,,,,nan
10909,2024-04-29,-1,-1,-1,-1,No Error,,,,nan
10910,2024-04-29,-1,-1,-1,-1,No Error,,,,nan
10447,2024-04-29,-1,-1,-1,-1,No Error,,,,nan
10912,2024-04-29,-1,-1,-1,-1,No Error,,,,nan
10913,2024-04-29,-1,-1,-1,-1,No Error,,,,nan
10914,2024-04-29,-1,-1,-1,-1,No Error,,,,nan
11177,2024-04-29,-1,-1,-1,-1,No Error,,,,nan
10916,2024-04-29,-1,-1,-1,-1,No Error,,,,nan
11707,2024-04-29,-1,-1,-1,-1,No Error,,,,nan
11390,2024-04-29,-1,-1,-1,-1,No Error,,,,nan
10919,2024-04-29,-1,-1,-1,-1,No Error,,,,nan
10920,2024-04-29,-1,-1,-1,-1,No Error,,,,nan
10921,2024-04-29,-1,-1,-1,-1,No Error,,,,nan
10922,2024-04-29,-1,-1,-1,-1,No Error,,,,nan
11696,2024-04-29,-1,-1,-1,-1,No Error,,,,nan
10924,2024-04-29,-1,-1,-1,-1,No Error,,,,nan
10925,2024-04-29,-1,-1,-1,-1,No Error,,,,nan
10926,2024-04-29,-1,-1,-1,-1,No Error,,,,nan
10927,2024-04-29,-1,-1,-1,-1,No Error,,,,nan
11515,2024-04-29,-1,-1,-1,-1,No Error,,,,nan
10929,2024-04-29,-1,-1,-1,-1,No Error,,,,nan
10930,2024-04-29,-1,-1,-1,-1,No Error,,,,nan
11057,2024-04-29,-1,-1,-1,-1,No Error,,,,nan
10932,2024-04-29,-1,-1,-1,-1,No Error,,,,nan
10933,2024-04-29,-1,-1,-1,-1,No Error,,,,nan
11833,2024-04-29,-1,-1,-1,-1,No Error,,,,nan
10935,2024-04-29,-1,-1,-1,-1,No Error,,,,nan
10936,2024-04-29,-1,-1,-1,-1,No Error,,,,nan
10937,2024-04-29,-1,-1,-1,-1,No Error,,,,nan
10938,2024-04-29,-1,-1,-1,-1,No Error,,,,nan
10939,2024-04-29,-1,-1,-1,-1,No Error,,,,nan
10940,2024-04-29,-1,-1,-1,-1,No Error,,,,nan
10941,2024-04-29,-1,-1,-1,-1,No Error,,,,nan
10942,2024-04-29,-1,-1,-1,-1,No Error,,,,nan
10943,2024-04-29,-1,-1,-1,-1,No Error,,,,nan
10944,2024-04-29,-1,-1,-1,-1,No Error,,,,nan
11792,2024-04-29,-1,-1,-1,-1,No Error,,,,nan
11141,2024-04-29,-1,-1,-1,-1,No Error,,,,nan
10947,2024-04-29,-1,-1,-1,-1,No Error,,,,nan
10310,2024-04-29,-1,-1,-1,-1,No Error,,,,nan
11162,2024-04-29,-1,-1,-1,-1,No Error,,,,nan
10950,2024-04-29,-1,-1,-1,-1,No Error,,,,nan
10951,2024-04-29,-1,-1,-1,-1,No Error,,,,nan
10952,2024-04-29,-1,-1,-1,-1,No Error,,,,nan
10953,2024-04-29,-1,-1,-1,-1,No Error,,,,nan
10954,2024-04-29,-1,-1,-1,-1,No Error,,,,nan
10955,2024-04-29,-1,-1,-1,-1,No Error,,,,nan
10956,2024-04-29,-1,-1,-1,-1,No Error,,,,nan
11270,2024-04-29,-1,-1,-1,-1,No Error,,,,nan
10908,2024-04-29,-1,-1,-1,-1,No Error,,,,nan
10990,2024-04-29,-1,-1,-1,-1,No Error,,,,nan
10860,2024-04-29,-1,-1,-1,-1,No Error,,,,nan
10961,2024-04-29,-1,-1,-1,-1,No Error,,,,nan
10962,2024-04-29,-1,-1,-1,-1,No Error,,,,nan
10963,2024-04-29,-1,-1,-1,-1,No Error,,,,nan
10964,2024-04-29,-1,-1,-1,-1,No Error,,,,nan
11789,2024-04-29,-1,-1,-1,-1,No Error,,,,nan
10378,2024-04-29,-1,-1,-1,-1,No Error,,,,nan
10967,2024-04-29,-1,-1,-1,-1,No Error,,,,nan
10968,2024-04-29,-1,-1,-1,-1,No Error,,,,nan
10969,2024-04-29,-1,-1,-1,-1,No Error,,,,nan
10970,2024-04-29,-1,-1,-1,-1,No Error,,,,nan
10971,2024-04-29,-1,-1,-1,-1,No Error,,,,nan
11290,2024-04-29,-1,-1,-1,-1,No Error,,,,nan
10973,2024-04-29,-1,-1,-1,-1,No Error,,,,nan
10974,2024-04-29,-1,-1,-1,-1,No Error,,,,nan
10975,2024-04-29,-1,-1,-1,-1,No Error,,,,nan
11349,2024-04-29,-1,-1,-1,-1,No Error,,,,nan
10977,2024-04-29,-1,-1,-1,-1,No Error,,,,nan
10978,2024-04-29,-1,-1,-1,-1,No Error,,,,nan
10979,2024-04-29,-1,-1,-1,-1,No Error,,,,nan
10980,2024-04-29,-1,-1,-1,-1,No Error,,,,nan
10981,2024-04-29,-1,-1,-1,-1,No Error,,,,nan
10982,2024-04-29,-1,-1,-1,-1,No Error,,,,nan
11837,2024-04-29,-1,-1,-1,-1,No Error,,,,nan
10733,2024-04-29,-1,-1,-1,-1,No Error,,,,nan
10985,2024-04-29,-1,-1,-1,-1,No Error,,,,nan
10986,2024-04-29,-1,-1,-1,-1,No Error,,,,nan
11770,2024-04-29,-1,-1,-1,-1,No Error,,,,nan
10988,2024-04-29,-1,-1,-1,-1,No Error,,,,nan
10626,2024-04-29,-1,-1,-1,-1,No Error,,,,nan
11025,2024-04-29,-1,-1,-1,-1,No Error,,,,nan
10983,2024-04-29,-1,-1,-1,-1,No Error,,,,nan
10992,2024-04-29,-1,-1,-1,-1,No Error,,,,nan
11671,2024-04-29,-1,-1,-1,-1,No Error,,,,nan
10994,2024-04-29,-1,-1,-1,-1,No Error,,,,nan
10995,2024-04-29,-1,-1,-1,-1,No Error,,,,nan
10996,2024-04-29,-1,-1,-1,-1,No Error,,,,nan
10997,2024-04-29,-1,-1,-1,-1,No Error,,,,nan
10998,2024-04-29,-1,-1,-1,-1,No Error,,,,nan
10999,2024-04-29,-1,-1,-1,-1,No Error,,,,nan
11000,2024-04-29,-1,-1,-1,-1,No Error,,,,nan
11214,2024-04-29,-1,-1,-1,-1,No Error,,,,nan
11002,2024-04-29,-1,-1,-1,-1,No Error,,,,nan
11003,2024-04-29,-1,-1,-1,-1,No Error,,,,nan
10294,2024-04-29,-1,-1,-1,-1,No Error,,,,nan
11005,2024-04-29,-1,-1,-1,-1,No Error,,,,nan
11908,2024-04-29,-1,-1,-1,-1,No Error,,,,nan
11007,2024-04-29,-1,-1,-1,-1,No Error,,,,nan
11008,2024-04-29,-1,-1,-1,-1,No Error,,,,nan
11009,2024-04-29,-1,-1,-1,-1,No Error,,,,nan
11010,2024-04-29,-1,-1,-1,-1,No Error,,,,nan
11011,2024-04-29,-1,-1,-1,-1,No Error,,,,nan
11012,2024-04-29,-1,-1,-1,-1,No Error,,,,nan
10991,2024-04-29,-1,-1,-1,-1,No Error,,,,nan
11014,2024-04-29,-1,-1,-1,-1,No Error,,,,nan
11015,2024-04-29,-1,-1,-1,-1,No Error,,,,nan
11016,2024-04-29,-1,-1,-1,-1,No Error,,,,nan
10056,2024-04-29,-1,-1,-1,-1,No Error,,,,nan
10460,2024-04-29,-1,-1,-1,-1,No Error,,,,nan
11019,2024-04-29,-1,-1,-1,-1,No Error,,,,nan
11020,2024-04-29,-1,-1,-1,-1,No Error,,,,nan
11021,2024-04-29,-1,-1,-1,-1,No Error,,,,nan
11022,2024-04-29,-1,-1,-1,-1,No Error,,,,nan
11023,2024-04-29,-1,-1,-1,-1,No Error,,,,nan
11165,2024-04-29,-1,-1,-1,-1,No Error,,,,nan
11068,2024-04-29,-1,-1,-1,-1,No Error,,,,nan
11026,2024-04-29,-1,-1,-1,-1,No Error,,,,nan
11027,2024-04-29,-1,-1,-1,-1,No Error,,,,nan
11028,2024-04-29,-1,-1,-1,-1,No Error,,,,nan
11625,2024-04-29,-1,-1,-1,-1,No Error,,,,nan
11183,2024-04-29,-1,-1,-1,-1,No Error,,,,nan
11336,2024-04-29,-1,-1,-1,-1,No Error,,,,nan
10787,2024-04-29,-1,-1,-1,-1,No Error,,,,nan
11033,2024-04-29,-1,-1,-1,-1,No Error,,,,nan
11034,2024-04-29,-1,-1,-1,-1,No Error,,,,nan
10267,2024-04-29,-1,-1,-1,-1,No Error,,,,nan
11036,2024-04-29,-1,-1,-1,-1,No Error,,,,nan
11118,2024-04-29,-1,-1,-1,-1,No Error,,,,nan
11017,2024-04-29,-1,-1,-1,-1,No Error,,,,nan
11039,2024-04-29,-1,-1,-1,-1,No Error,,,,nan
10642,2024-04-29,-1,-1,-1,-1,No Error,,,,nan
10853,2024-04-29,-1,-1,-1,-1,No Error,,,,nan
11042,2024-04-29,-1,-1,-1,-1,No Error,,,,nan
11043,2024-04-29,-1,-1,-1,-1,No Error,,,,nan
11044,2024-04-29,-1,-1,-1,-1,No Error,,,,nan
10778,2024-04-29,-1,-1,-1,-1,No Error,,,,nan
11046,2024-04-29,-1,-1,-1,-1,No Error,,,,nan
10835,2024-04-29,-1,-1,-1,-1,No Error,,,,nan
11048,2024-04-29,-1,-1,-1,-1,No Error,,,,nan
11049,2024-04-29,-1,-1,-1,-1,No Error,,,,nan
11050,2024-04-29,-1,-1,-1,-1,No Error,,,,nan
11051,2024-04-29,-1,-1,-1,-1,No Error,,,,nan
11052,2024-04-29,-1,-1,-1,-1,No Error,,,,nan
11053,2024-04-29,-1,-1,-1,-1,No Error,,,,nan
11054,2024-04-29,-1,-1,-1,-1,No Error,,,,nan
11055,2024-04-29,-1,-1,-1,-1,No Error,,,,nan
11085,2024-04-29,-1,-1,-1,-1,No Error,,,,nan
10358,2024-04-29,-1,-1,-1,-1,No Error,,,,nan
11058,2024-04-29,-1,-1,-1,-1,No Error,,,,nan
11059,2024-04-29,-1,-1,-1,-1,No Error,,,,nan
11060,2024-04-29,-1,-1,-1,-1,No Error,,,,nan
10188,2024-04-29,-1,-1,-1,-1,No Error,,,,nan
10987,2024-04-29,-1,-1,-1,-1,No Error,,,,nan
11063,2024-04-29,-1,-1,-1,-1,No Error,,,,nan
11091,2024-04-29,-1,-1,-1,-1,No Error,,,,nan
11065,2024-04-29,-1,-1,-1,-1,No Error,,,,nan
11066,2024-04-29,-1,-1,-1,-1,No Error,,,,nan
11067,2024-04-29,-1,-1,-1,-1,No Error,,,,nan
11106,2024-04-29,-1,-1,-1,-1,No Error,,,,nan
11069,2024-04-29,-1,-1,-1,-1,No Error,,,,nan
11070,2024-04-29,-1,-1,-1,-1,No Error,,,,nan
11071,2024-04-29,-1,-1,-1,-1,No Error,,,,nan
11072,2024-04-29,-1,-1,-1,-1,No Error,,,,nan
11073,2024-04-29,-1,-1,-1,-1,No Error,,,,nan
11074,2024-04-29,-1,-1,-1,-1,No Error,,,,nan
11393,2024-04-29,-1,-1,-1,-1,No Error,,,,nan
11076,2024-04-29,-1,-1,-1,-1,No Error,,,,nan
11077,2024-04-29,-1,-1,-1,-1,No Error,,,,nan
11078,2024-04-29,-1,-1,-1,-1,No Error,,,,nan
11079,2024-04-29,-1,-1,-1,-1,No Error,,,,nan
10839,2024-04-29,-1,-1,-1,-1,No Error,,,,nan
11081,2024-04-29,-1,-1,-1,-1,No Error,,,,nan
10155,2024-04-29,-1,-1,-1,-1,No Error,,,,nan
11083,2024-04-29,-1,-1,-1,-1,No Error,,,,nan
11084,2024-04-29,-1,-1,-1,-1,No Error,,,,nan
10715,2024-04-29,-1,-1,-1,-1,No Error,,,,nan
11086,2024-04-29,-1,-1,-1,-1,No Error,,,,nan
11941,2024-04-29,-1,-1,-1,-1,No Error,,,,nan
11088,2024-04-29,-1,-1,-1,-1,No Error,,,,nan
11089,2024-04-29,-1,-1,-1,-1,No Error,,,,nan
10632,2024-04-29,-1,-1,-1,-1,No Error,,,,nan
10344,2024-04-29,-1,-1,-1,-1,No Error,,,,nan
11092,2024-04-29,-1,-1,-1,-1,No Error,,,,nan
11093,2024-04-29,-1,-1,-1,-1,No Error,,,,nan
11094,2024-04-29,-1,-1,-1,-1,No Error,,,,nan
10651,2024-04-29,-1,-1,-1,-1,No Error,,,,nan
11096,2024-04-29,-1,-1,-1,-1,No Error,,,,nan
10250,2024-04-29,-1,-1,-1,-1,No Error,,,,nan
10665,2024-04-29,-1,-1,-1,-1,No Error,,,,nan
11099,2024-04-29,-1,-1,-1,-1,No Error,,,,nan
11100,2024-04-29,-1,-1,-1,-1,No Error,,,,nan
11101,2024-04-29,-1,-1,-1,-1,No Error,,,,nan
11102,2024-04-29,-1,-1,-1,-1,No Error,,,,nan
11103,2024-04-29,-1,-1,-1,-1,No Error,,,,nan
11104,2024-04-29,-1,-1,-1,-1,No Error,,,,nan
11807,2024-04-29,-1,-1,-1,-1,No Error,,,,nan
11061,2024-04-29,-1,-1,-1,-1,No Error,,,,nan
11107,2024-04-29,-1,-1,-1,-1,No Error,,,,nan
11108,2024-04-29,-1,-1,-1,-1,No Error,,,,nan
10768,2024-04-29,-1,-1,-1,-1,No Error,,,,nan
11110,2024-04-29,-1,-1,-1,-1,No Error,,,,nan
11111,2024-04-29,-1,-1,-1,-1,No Error,,,,nan
11112,2024-04-29,-1,-1,-1,-1,No Error,,,,nan
11113,2024-04-29,-1,-1,-1,-1,No Error,,,,nan
11114,2024-04-29,-1,-1,-1,-1,No Error,,,,nan
11115,2024-04-29,-1,-1,-1,-1,No Error,,,,nan
11567,2024-04-29,-1,-1,-1,-1,No Error,,,,nan
11117,2024-04-29,-1,-1,-1,-1,No Error,,,,nan
10069,2024-04-29,-1,-1,-1,-1,No Error,,,,nan
11119,2024-04-29,-1,-1,-1,-1,No Error,,,,nan
11917,2024-04-29,-1,-1,-1,-1,No Error,,,,nan
11121,2024-04-29,-1,-1,-1,-1,No Error,,,,nan
11122,2024-04-29,-1,-1,-1,-1,No Error,,,,nan
11123,2024-04-29,-1,-1,-1,-1,No Error,,,,nan
11344,2024-04-29,-1,-1,-1,-1,No Error,,,,nan
11125,2024-04-29,-1,-1,-1,-1,No Error,,,,nan
11126,2024-04-29,-1,-1,-1,-1,No Error,,,,nan
11127,2024-04-29,-1,-1,-1,-1,No Error,,,,nan
11128,2024-04-29,-1,-1,-1,-1,No Error,,,,nan
11129,2024-04-29,-1,-1,-1,-1,No Error,,,,nan
11130,2024-04-29,-1,-1,-1,-1,No Error,,,,nan
11131,2024-04-29,-1,-1,-1,-1,No Error,,,,nan
11132,2024-04-29,-1,-1,-1,-1,No Error,,,,nan
11133,2024-04-29,-1,-1,-1,-1,No Error,,,,nan
11134,2024-04-29,-1,-1,-1,-1,No Error,,,,nan
11135,2024-04-29,-1,-1,-1,-1,No Error,,,,nan
11136,2024-04-29,-1,-1,-1,-1,No Error,,,,nan
11137,2024-04-29,-1,-1,-1,-1,No Error,,,,nan
11138,2024-04-29,-1,-1,-1,-1,No Error,,,,nan
11139,2024-04-29,-1,-1,-1,-1,No Error,,,,nan
11591,2024-04-29,-1,-1,-1,-1,No Error,,,,nan
11665,2024-04-29,-1,-1,-1,-1,No Error,,,,nan
11142,2024-04-29,-1,-1,-1,-1,No Error,,,,nan
11143,2024-04-29,-1,-1,-1,-1,No Error,,,,nan
11144,2024-04-29,-1,-1,-1,-1,No Error,,,,nan
11145,2024-04-29,-1,-1,-1,-1,No Error,,,,nan
11885,2024-04-29,-1,-1,-1,-1,No Error,,,,nan
11147,2024-04-29,-1,-1,-1,-1,No Error,,,,nan
11148,2024-04-29,-1,-1,-1,-1,No Error,,,,nan
11149,2024-04-29,-1,-1,-1,-1,No Error,,,,nan
11150,2024-04-29,-1,-1,-1,-1,No Error,,,,nan
10731,2024-04-29,-1,-1,-1,-1,No Error,,,,nan
11152,2024-04-29,-1,-1,-1,-1,No Error,,,,nan
11153,2024-04-29,-1,-1,-1,-1,No Error,,,,nan
11154,2024-04-29,-1,-1,-1,-1,No Error,,,,nan
11155,2024-04-29,-1,-1,-1,-1,No Error,,,,nan
11156,2024-04-29,-1,-1,-1,-1,No Error,,,,nan
11157,2024-04-29,-1,-1,-1,-1,No Error,,,,nan
11158,2024-04-29,-1,-1,-1,-1,No Error,,,,nan
10313,2024-04-29,-1,-1,-1,-1,No Error,,,,nan
11160,2024-04-29,-1,-1,-1,-1,No Error,,,,nan
11161,2024-04-29,-1,-1,-1,-1,No Error,,,,nan
10851,2024-04-29,-1,-1,-1,-1,No Error,,,,nan
11163,2024-04-29,-1,-1,-1,-1,No Error,,,,nan
11164,2024-04-29,-1,-1,-1,-1,No Error,,,,nan
11645,2024-04-29,-1,-1,-1,-1,No Error,,,,nan
11166,2024-04-29,-1,-1,-1,-1,No Error,,,,nan
10462,2024-04-29,-1,-1,-1,-1,No Error,,,,nan
11168,2024-04-29,-1,-1,-1,-1,No Error,,,,nan
11169,2024-04-29,-1,-1,-1,-1,No Error,,,,nan
11170,2024-04-29,-1,-1,-1,-1,No Error,,,,nan
11171,2024-04-29,-1,-1,-1,-1,No Error,,,,nan
11635,2024-04-29,-1,-1,-1,-1,No Error,,,,nan
11173,2024-04-29,-1,-1,-1,-1,No Error,,,,nan
11174,2024-04-29,-1,-1,-1,-1,No Error,,,,nan
11175,2024-04-29,-1,-1,-1,-1,No Error,,,,nan
11176,2024-04-29,-1,-1,-1,-1,No Error,,,,nan
10703,2024-04-29,-1,-1,-1,-1,No Error,,,,nan
11178,2024-04-29,-1,-1,-1,-1,No Error,,,,nan
11080,2024-04-29,-1,-1,-1,-1,No Error,,,,nan
11479,2024-04-29,-1,-1,-1,-1,No Error,,,,nan
11181,2024-04-29,-1,-1,-1,-1,No Error,,,,nan
11182,2024-04-29,-1,-1,-1,-1,No Error,,,,nan
10946,2024-04-29,-1,-1,-1,-1,No Error,,,,nan
11849,2024-04-29,-1,-1,-1,-1,No Error,,,,nan
11895,2024-04-29,-1,-1,-1,-1,No Error,,,,nan
11186,2024-04-29,-1,-1,-1,-1,No Error,,,,nan
11187,2024-04-29,-1,-1,-1,-1,No Error,,,,nan
11188,2024-04-29,-1,-1,-1,-1,No Error,,,,nan
11189,2024-04-29,-1,-1,-1,-1,No Error,,,,nan
11190,2024-04-29,-1,-1,-1,-1,No Error,,,,nan
11191,2024-04-29,-1,-1,-1,-1,No Error,,,,nan
11192,2024-04-29,-1,-1,-1,-1,No Error,,,,nan
11193,2024-04-29,-1,-1,-1,-1,No Error,,,,nan
10888,2024-04-29,-1,-1,-1,-1,No Error,,,,nan
10928,2024-04-29,-1,-1,-1,-1,No Error,,,,nan
11496,2024-04-29,-1,-1,-1,-1,No Error,,,,nan
11197,2024-04-29,-1,-1,-1,-1,No Error,,,,nan
11198,2024-04-29,-1,-1,-1,-1,No Error,,,,nan
11199,2024-04-29,-1,-1,-1,-1,No Error,,,,nan
11200,2024-04-29,-1,-1,-1,-1,No Error,,,,nan
10801,2024-04-29,-1,-1,-1,-1,No Error,,,,nan
11754,2024-04-29,-1,-1,-1,-1,No Error,,,,nan
10172,2024-04-29,-1,-1,-1,-1,No Error,,,,nan
11204,2024-04-29,-1,-1,-1,-1,No Error,,,,nan
11205,2024-04-29,-1,-1,-1,-1,No Error,,,,nan
11206,2024-04-29,-1,-1,-1,-1,No Error,,,,nan
11207,2024-04-29,-1,-1,-1,-1,No Error,,,,nan
11208,2024-04-29,-1,-1,-1,-1,No Error,,,,nan
11209,2024-04-29,-1,-1,-1,-1,No Error,,,,nan
11210,2024-04-29,-1,-1,-1,-1,No Error,,,,nan
11211,2024-04-29,-1,-1,-1,-1,No Error,,,,nan
11212,2024-04-29,-1,-1,-1,-1,No Error,,,,nan
11213,2024-04-29,-1,-1,-1,-1,No Error,,,,nan
11672,2024-04-29,-1,-1,-1,-1,No Error,,,,nan
11535,2024-04-29,-1,-1,-1,-1,No Error,,,,nan
11216,2024-04-29,-1,-1,-1,-1,No Error,,,,nan
11304,2024-04-29,-1,-1,-1,-1,No Error,,,,nan
11202,2024-04-29,-1,-1,-1,-1,No Error,,,,nan
11219,2024-04-29,-1,-1,-1,-1,No Error,,,,nan
11220,2024-04-29,-1,-1,-1,-1,No Error,,,,nan
11221,2024-04-29,-1,-1,-1,-1,No Error,,,,nan
11222,2024-04-29,-1,-1,-1,-1,No Error,,,,nan
11333,2024-04-29,-1,-1,-1,-1,No Error,,,,nan
11224,2024-04-29,-1,-1,-1,-1,No Error,,,,nan
10193,2024-04-29,-1,-1,-1,-1,No Error,,,,nan
11226,2024-04-29,-1,-1,-1,-1,No Error,,,,nan
11227,2024-04-29,-1,-1,-1,-1,No Error,,,,nan
11228,2024-04-29,-1,-1,-1,-1,No Error,,,,nan
11229,2024-04-29,-1,-1,-1,-1,No Error,,,,nan
11230,2024-04-29,-1,-1,-1,-1,No Error,,,,nan
11338,2024-04-29,-1,-1,-1,-1,No Error,,,,nan
11232,2024-04-29,-1,-1,-1,-1,No Error,,,,nan
11233,2024-04-29,-1,-1,-1,-1,No Error,,,,nan
11234,2024-04-29,-1,-1,-1,-1,No Error,,,,nan
11235,2024-04-29,-1,-1,-1,-1,No Error,,,,nan
11236,2024-04-29,-1,-1,-1,-1,No Error,,,,nan
11237,2024-04-29,-1,-1,-1,-1,No Error,,,,nan
11238,2024-04-29,-1,-1,-1,-1,No Error,,,,nan
11239,2024-04-29,-1,-1,-1,-1,No Error,,,,nan
11240,2024-04-29,-1,-1,-1,-1,No Error,,,,nan
11241,2024-04-29,-1,-1,-1,-1,No Error,,,,nan
11242,2024-04-29,-1,-1,-1,-1,No Error,,,,nan
11243,2024-04-29,-1,-1,-1,-1,No Error,,,,nan
11867,2024-04-29,-1,-1,-1,-1,No Error,,,,nan
10068,2024-04-29,-1,-1,-1,-1,No Error,,,,nan
11246,2024-04-29,-1,-1,-1,-1,No Error,,,,nan
11247,2024-04-29,-1,-1,-1,-1,No Error,,,,nan
11248,2024-04-29,-1,-1,-1,-1,No Error,,,,nan
11249,2024-04-29,-1,-1,-1,-1,No Error,,,,nan
11657,2024-04-29,-1,-1,-1,-1,No Error,,,,nan
10794,2024-04-29,-1,-1,-1,-1,No Error,,,,nan
10949,2024-04-29,-1,-1,-1,-1,No Error,,,,nan
11253,2024-04-29,-1,-1,-1,-1,No Error,,,,nan
11040,2024-04-29,-1,-1,-1,-1,No Error,,,,nan
11105,2024-04-29,-1,-1,-1,-1,No Error,,,,nan
11256,2024-04-29,-1,-1,-1,-1,No Error,,,,nan
11510,2024-04-29,-1,-1,-1,-1,No Error,,,,nan
11880,2024-04-29,-1,-1,-1,-1,No Error,,,,nan
11259,2024-04-29,-1,-1,-1,-1,No Error,,,,nan
11260,2024-04-29,-1,-1,-1,-1,No Error,,,,nan
11196,2024-04-29,-1,-1,-1,-1,No Error,,,,nan
10544,2024-04-29,-1,-1,-1,-1,No Error,,,,nan
10721,2024-04-29,-1,-1,-1,-1,No Error,,,,nan
11264,2024-04-29,-1,-1,-1,-1,No Error,,,,nan
11265,2024-04-29,-1,-1,-1,-1,No Error,,,,nan
11266,2024-04-29,-1,-1,-1,-1,No Error,,,,nan
10957,2024-04-29,-1,-1,-1,-1,No Error,,,,nan
11268,2024-04-29,-1,-1,-1,-1,No Error,,,,nan
10295,2024-04-29,-1,-1,-1,-1,No Error,,,,nan
11446,2024-04-29,-1,-1,-1,-1,No Error,,,,nan
11271,2024-04-29,-1,-1,-1,-1,No Error,,,,nan
10530,2024-04-29,-1,-1,-1,-1,No Error,,,,nan
11273,2024-04-29,-1,-1,-1,-1,No Error,,,,nan
10840,2024-04-29,-1,-1,-1,-1,No Error,,,,nan
11275,2024-04-29,-1,-1,-1,-1,No Error,,,,nan
10509,2024-04-29,-1,-1,-1,-1,No Error,,,,nan
11277,2024-04-29,-1,-1,-1,-1,No Error,,,,nan
11278,2024-04-29,-1,-1,-1,-1,No Error,,,,nan
11279,2024-04-29,-1,-1,-1,-1,No Error,,,,nan
11280,2024-04-29,-1,-1,-1,-1,No Error,,,,nan
11281,2024-04-29,-1,-1,-1,-1,No Error,,,,nan
11282,2024-04-29,-1,-1,-1,-1,No Error,,,,nan
11283,2024-04-29,-1,-1,-1,-1,No Error,,,,nan
11313,2024-04-29,-1,-1,-1,-1,No Error,,,,nan
11285,2024-04-29,-1,-1,-1,-1,No Error,,,,nan
11286,2024-04-29,-1,-1,-1,-1,No Error,,,,nan
11287,2024-04-29,-1,-1,-1,-1,No Error,,,,nan
11288,2024-04-29,-1,-1,-1,-1,No Error,,,,nan
10125,2024-04-29,-1,-1,-1,-1,No Error,,,,nan
10836,2024-04-29,-1,-1,-1,-1,No Error,,,,nan
11291,2024-04-29,-1,-1,-1,-1,No Error,,,,nan
11768,2024-04-29,-1,-1,-1,-1,No Error,,,,nan
11740,2024-04-29,-1,-1,-1,-1,No Error,,,,nan
11294,2024-04-29,-1,-1,-1,-1,No Error,,,,nan
11295,2024-04-29,-1,-1,-1,-1,No Error,,,,nan
11296,2024-04-29,-1,-1,-1,-1,No Error,,,,nan
11297,2024-04-29,-1,-1,-1,-1,No Error,,,,nan
11298,2024-04-29,-1,-1,-1,-1,No Error,,,,nan
11299,2024-04-29,-1,-1,-1,-1,No Error,,,,nan
11362,2024-04-29,-1,-1,-1,-1,No Error,,,,nan
11301,2024-04-29,-1,-1,-1,-1,No Error,,,,nan
11715,2024-04-29,-1,-1,-1,-1,No Error,,,,nan
11868,2024-04-29,-1,-1,-1,-1,No Error,,,,nan
10854,2024-04-29,-1,-1,-1,-1,No Error,,,,nan
11985,2024-04-29,-1,-1,-1,-1,No Error,,,,nan
11306,2024-04-29,-1,-1,-1,-1,No Error,,,,nan
11307,2024-04-29,-1,-1,-1,-1,No Error,,,,nan
11308,2024-04-29,-1,-1,-1,-1,No Error,,,,nan
11309,2024-04-29,-1,-1,-1,-1,No Error,,,,nan
11310,2024-04-29,-1,-1,-1,-1,No Error,,,,nan
10868,2024-04-29,-1,-1,-1,-1,No Error,,,,nan
10562,2024-04-29,-1,-1,-1,-1,No Error,,,,nan
10701,2024-04-29,-1,-1,-1,-1,No Error,,,,nan
11314,2024-04-29,-1,-1,-1,-1,No Error,,,,nan
11315,2024-04-29,-1,-1,-1,-1,No Error,,,,nan
11316,2024-04-29,-1,-1,-1,-1,No Error,,,,nan
11317,2024-04-29,-1,-1,-1,-1,No Error,,,,nan
11583,2024-04-29,-1,-1,-1,-1,No Error,,,,nan
11319,2024-04-29,-1,-1,-1,-1,No Error,,,,nan
11320,2024-04-29,-1,-1,-1,-1,No Error,,,,nan
11321,2024-04-29,-1,-1,-1,-1,No Error,,,,nan
11322,2024-04-29,-1,-1,-1,-1,No Error,,,,nan
11323,2024-04-29,-1,-1,-1,-1,No Error,,,,nan
10445,2024-04-29,-1,-1,-1,-1,No Error,,,,nan
10552,2024-04-29,-1,-1,-1,-1,No Error,,,,nan
11326,2024-04-29,-1,-1,-1,-1,No Error,,,,nan
11327,2024-04-29,-1,-1,-1,-1,No Error,,,,nan
10453,2024-04-29,-1,-1,-1,-1,No Error,,,,nan
11329,2024-04-29,-1,-1,-1,-1,No Error,,,,nan
11330,2024-04-29,-1,-1,-1,-1,No Error,,,,nan
10187,2024-04-29,-1,-1,-1,-1,No Error,,,,nan
11332,2024-04-29,-1,-1,-1,-1,No Error,,,,nan
11870,2024-04-29,-1,-1,-1,-1,No Error,,,,nan
11334,2024-04-29,-1,-1,-1,-1,No Error,,,,nan
11335,2024-04-29,-1,-1,-1,-1,No Error,,,,nan
11331,2024-04-29,-1,-1,-1,-1,No Error,,,,nan
11474,2024-04-29,-1,-1,-1,-1,No Error,,,,nan
10277,2024-04-29,-1,-1,-1,-1,No Error,,,,nan
11339,2024-04-29,-1,-1,-1,-1,No Error,,,,nan
11440,2024-04-29,-1,-1,-1,-1,No Error,,,,nan
11341,2024-04-29,-1,-1,-1,-1,No Error,,,,nan
11180,2024-04-29,-1,-1,-1,-1,No Error,,,,nan
11124,2024-04-29,-1,-1,-1,-1,No Error,,,,nan
11502,2024-04-29,-1,-1,-1,-1,No Error,,,,nan
11345,2024-04-29,-1,-1,-1,-1,No Error,,,,nan
11346,2024-04-29,-1,-1,-1,-1,No Error,,,,nan
11347,2024-04-29,-1,-1,-1,-1,No Error,,,,nan
10653,2024-04-29,-1,-1,-1,-1,No Error,,,,nan
10674,2024-04-29,-1,-1,-1,-1,No Error,,,,nan
11350,2024-04-29,-1,-1,-1,-1,No Error,,,,nan
11351,2024-04-29,-1,-1,-1,-1,No Error,,,,nan
11352,2024-04-29,-1,-1,-1,-1,No Error,,,,nan
11353,2024-04-29,-1,-1,-1,-1,No Error,,,,nan
11354,2024-04-29,-1,-1,-1,-1,No Error,,,,nan
11355,2024-04-29,-1,-1,-1,-1,No Error,,,,nan
10895,2024-04-29,-1,-1,-1,-1,No Error,,,,nan
11357,2024-04-29,-1,-1,-1,-1,No Error,,,,nan
11358,2024-04-29,-1,-1,-1,-1,No Error,,,,nan
11359,2024-04-29,-1,-1,-1,-1,No Error,,,,nan
11360,2024-04-29,-1,-1,-1,-1,No Error,,,,nan
11361,2024-04-29,-1,-1,-1,-1,No Error,,,,nan
10162,2024-04-29,-1,-1,-1,-1,No Error,,,,nan
11363,2024-04-29,-1,-1,-1,-1,No Error,,,,nan
11984,2024-04-29,-1,-1,-1,-1,No Error,,,,nan
11365,2024-04-29,-1,-1,-1,-1,No Error,,,,nan
11366,2024-04-29,-1,-1,-1,-1,No Error,,,,nan
10262,2024-04-29,-1,-1,-1,-1,No Error,,,,nan
11368,2024-04-29,-1,-1,-1,-1,No Error,,,,nan
11369,2024-04-29,-1,-1,-1,-1,No Error,,,,nan
11370,2024-04-29,-1,-1,-1,-1,No Error,,,,nan
11371,2024-04-29,-1,-1,-1,-1,No Error,,,,nan
11372,2024-04-29,-1,-1,-1,-1,No Error,,,,nan
11373,2024-04-29,-1,-1,-1,-1,No Error,,,,nan
11374,2024-04-29,-1,-1,-1,-1,No Error,,,,nan
11375,2024-04-29,-1,-1,-1,-1,No Error,,,,nan
11376,2024-04-29,-1,-1,-1,-1,No Error,,,,nan
11377,2024-04-29,-1,-1,-1,-1,No Error,,,,nan
11378,2024-04-29,-1,-1,-1,-1,No Error,,,,nan
11379,2024-04-29,-1,-1,-1,-1,No Error,,,,nan
11380,2024-04-29,-1,-1,-1,-1,No Error,,,,nan
11381,2024-04-29,-1,-1,-1,-1,No Error,,,,nan
11382,2024-04-29,-1,-1,-1,-1,No Error,,,,nan
11383,2024-04-29,-1,-1,-1,-1,No Error,,,,nan
11384,2024-04-29,-1,-1,-1,-1,No Error,,,,nan
10667,2024-04-29,-1,-1,-1,-1,No Error,,,,nan
11386,2024-04-29,-1,-1,-1,-1,No Error,,,,nan
11387,2024-04-29,-1,-1,-1,-1,No Error,,,,nan
11388,2024-04-29,-1,-1,-1,-1,No Error,,,,nan
11389,2024-04-29,-1,-1,-1,-1,No Error,,,,nan
11864,2024-04-29,-1,-1,-1,-1,No Error,,,,nan
11391,2024-04-29,-1,-1,-1,-1,No Error,,,,nan
11392,2024-04-29,-1,-1,-1,-1,No Error,,,,nan
10224,2024-04-29,-1,-1,-1,-1,No Error,,,,nan
11394,2024-04-29,-1,-1,-1,-1,No Error,,,,nan
11395,2024-04-29,-1,-1,-1,-1,No Error,,,,nan
11396,2024-04-29,-1,-1,-1,-1,No Error,,,,nan
11397,2024-04-29,-1,-1,-1,-1,No Error,,,,nan
11398,2024-04-29,-1,-1,-1,-1,No Error,,,,nan
11399,2024-04-29,-1,-1,-1,-1,No Error,,,,nan
11400,2024-04-29,-1,-1,-1,-1,No Error,,,,nan
11401,2024-04-29,-1,-1,-1,-1,No Error,,,,nan
11402,2024-04-29,-1,-1,-1,-1,No Error,,,,nan
11403,2024-04-29,-1,-1,-1,-1,No Error,,,,nan
10189,2024-04-29,-1,-1,-1,-1,No Error,,,,nan
11405,2024-04-29,-1,-1,-1,-1,No Error,,,,nan
11406,2024-04-29,-1,-1,-1,-1,No Error,,,,nan
11407,2024-04-29,-1,-1,-1,-1,No Error,,,,nan
11408,2024-04-29,-1,-1,-1,-1,No Error,,,,nan
11409,2024-04-29,-1,-1,-1,-1,No Error,,,,nan
11410,2024-04-29,-1,-1,-1,-1,No Error,,,,nan
11411,2024-04-29,-1,-1,-1,-1,No Error,,,,nan
11412,2024-04-29,-1,-1,-1,-1,No Error,,,,nan
11082,2024-04-29,-1,-1,-1,-1,No Error,,,,nan
10083,2024-04-29,-1,-1,-1,-1,No Error,,,,nan
11957,2024-04-29,-1,-1,-1,-1,No Error,,,,nan
11416,2024-04-29,-1,-1,-1,-1,No Error,,,,nan
11417,2024-04-29,-1,-1,-1,-1,No Error,,,,nan
11418,2024-04-29,-1,-1,-1,-1,No Error,,,,nan
10809,2024-04-29,-1,-1,-1,-1,No Error,,,,nan
10479,2024-04-29,-1,-1,-1,-1,No Error,,,,nan
10098,2024-04-29,-1,-1,-1,-1,No Error,,,,nan
11422,2024-04-29,-1,-1,-1,-1,No Error,,,,nan
11423,2024-04-29,-1,-1,-1,-1,No Error,,,,nan
10858,2024-04-29,-1,-1,-1,-1,No Error,,,,nan
11425,2024-04-29,-1,-1,-1,-1,No Error,,,,nan
11426,2024-04-29,-1,-1,-1,-1,No Error,,,,nan
10443,2024-04-29,-1,-1,-1,-1,No Error,,,,nan
11428,2024-04-29,-1,-1,-1,-1,No Error,,,,nan
11429,2024-04-29,-1,-1,-1,-1,No Error,,,,nan
11430,2024-04-29,-1,-1,-1,-1,No Error,,,,nan
10797,2024-04-29,-1,-1,-1,-1,No Error,,,,nan
11432,2024-04-29,-1,-1,-1,-1,No Error,,,,nan
11433,2024-04-29,-1,-1,-1,-1,No Error,,,,nan
10328,2024-04-29,-1,-1,-1,-1,No Error,,,,nan
11435,2024-04-29,-1,-1,-1,-1,No Error,,,,nan
11436,2024-04-29,-1,-1,-1,-1,No Error,,,,nan
11437,2024-04-29,-1,-1,-1,-1,No Error,,,,nan
11438,2024-04-29,-1,-1,-1,-1,No Error,,,,nan
11439,2024-04-29,-1,-1,-1,-1,No Error,,,,nan
10524,2024-04-29,-1,-1,-1,-1,No Error,,,,nan
11441,2024-04-29,-1,-1,-1,-1,No Error,,,,nan
11442,2024-04-29,-1,-1,-1,-1,No Error,,,,nan
11215,2024-04-29,-1,-1,-1,-1,No Error,,,,nan
11444,2024-04-29,-1,-1,-1,-1,No Error,,,,nan
11986,2024-04-29,-1,-1,-1,-1,No Error,,,,nan
11098,2024-04-29,-1,-1,-1,-1,No Error,,,,nan
10077,2024-04-29,-1,-1,-1,-1,No Error,,,,nan
11448,2024-04-29,-1,-1,-1,-1,No Error,,,,nan
11449,2024-04-29,-1,-1,-1,-1,No Error,,,,nan
11450,2024-04-29,-1,-1,-1,-1,No Error,,,,nan
11451,2024-04-29,-1,-1,-1,-1,No Error,,,,nan
10385,2024-04-29,-1,-1,-1,-1,No Error,,,,nan
11453,2024-04-29,-1,-1,-1,-1,No Error,,,,nan
11454,2024-04-29,-1,-1,-1,-1,No Error,,,,nan
11455,2024-04-29,-1,-1,-1,-1,No Error,,,,nan
11456,2024-04-29,-1,-1,-1,-1,No Error,,,,nan
11457,2024-04-29,-1,-1,-1,-1,No Error,,,,nan
11458,2024-04-29,-1,-1,-1,-1,No Error,,,,nan
11459,2024-04-29,-1,-1,-1,-1,No Error,,,,nan
11460,2024-04-29,-1,-1,-1,-1,No Error,,,,nan
11461,2024-04-29,-1,-1,-1,-1,No Error,,,,nan
10458,2024-04-29,-1,-1,-1,-1,No Error,,,,nan
11463,2024-04-29,-1,-1,-1,-1,No Error,,,,nan
11464,2024-04-29,-1,-1,-1,-1,No Error,,,,nan
11465,2024-04-29,-1,-1,-1,-1,No Error,,,,nan
10456,2024-04-29,-1,-1,-1,-1,No Error,,,,nan
11467,2024-04-29,-1,-1,-1,-1,No Error,,,,nan
11318,2024-04-29,-1,-1,-1,-1,No Error,,,,nan
11469,2024-04-29,-1,-1,-1,-1,No Error,,,,nan
11470,2024-04-29,-1,-1,-1,-1,No Error,,,,nan
11471,2024-04-29,-1,-1,-1,-1,No Error,,,,nan
11472,2024-04-29,-1,-1,-1,-1,No Error,,,,nan
10147,2024-04-29,-1,-1,-1,-1,No Error,,,,nan
11857,2024-04-29,-1,-1,-1,-1,No Error,,,,nan
11475,2024-04-29,-1,-1,-1,-1,No Error,,,,nan
11038,2024-04-29,-1,-1,-1,-1,No Error,,,,nan
11477,2024-04-29,-1,-1,-1,-1,No Error,,,,nan
11478,2024-04-29,-1,-1,-1,-1,No Error,,,,nan
10238,2024-04-29,-1,-1,-1,-1,No Error,,,,nan
11480,2024-04-29,-1,-1,-1,-1,No Error,,,,nan
11481,2024-04-29,-1,-1,-1,-1,No Error,,,,nan
11482,2024-04-29,-1,-1,-1,-1,No Error,,,,nan
11483,2024-04-29,-1,-1,-1,-1,No Error,,,,nan
11484,2024-04-29,-1,-1,-1,-1,No Error,,,,nan
11485,2024-04-29,-1,-1,-1,-1,No Error,,,,nan
11486,2024-04-29,-1,-1,-1,-1,No Error,,,,nan
11487,2024-04-29,-1,-1,-1,-1,No Error,,,,nan
11488,2024-04-29,-1,-1,-1,-1,No Error,,,,nan
11489,2024-04-29,-1,-1,-1,-1,No Error,,,,nan
11490,2024-04-29,-1,-1,-1,-1,No Error,,,,nan
11491,2024-04-29,-1,-1,-1,-1,No Error,,,,nan
10130,2024-04-29,-1,-1,-1,-1,No Error,,,,nan
10013,2024-04-29,-1,-1,-1,-1,No Error,,,,nan
11823,2024-04-29,-1,-1,-1,-1,No Error,,,,nan
11495,2024-04-29,-1,-1,-1,-1,No Error,,,,nan
10705,2024-04-29,-1,-1,-1,-1,No Error,,,,nan
11497,2024-04-29,-1,-1,-1,-1,No Error,,,,nan
11498,2024-04-29,-1,-1,-1,-1,No Error,,,,nan
11499,2024-04-29,-1,-1,-1,-1,No Error,,,,nan
11500,2024-04-29,-1,-1,-1,-1,No Error,,,,nan
11501,2024-04-29,-1,-1,-1,-1,No Error,,,,nan
10182,2024-04-29,-1,-1,-1,-1,No Error,,,,nan
11503,2024-04-29,-1,-1,-1,-1,No Error,,,,nan
11504,2024-04-29,-1,-1,-1,-1,No Error,,,,nan
11505,2024-04-29,-1,-1,-1,-1,No Error,,,,nan
11506,2024-04-29,-1,-1,-1,-1,No Error,,,,nan
11750,2024-04-29,-1,-1,-1,-1,No Error,,,,nan
11508,2024-04-29,-1,-1,-1,-1,No Error,,,,nan
11509,2024-04-29,-1,-1,-1,-1,No Error,,,,nan
11195,2024-04-29,-1,-1,-1,-1,No Error,,,,nan
11511,2024-04-29,-1,-1,-1,-1,No Error,,,,nan
11704,2024-04-29,-1,-1,-1,-1,No Error,,,,nan
11513,2024-04-29,-1,-1,-1,-1,No Error,,,,nan
11514,2024-04-29,-1,-1,-1,-1,No Error,,,,nan
11356,2024-04-29,-1,-1,-1,-1,No Error,,,,nan
11516,2024-04-29,-1,-1,-1,-1,No Error,,,,nan
11517,2024-04-29,-1,-1,-1,-1,No Error,,,,nan
11518,2024-04-29,-1,-1,-1,-1,No Error,,,,nan
10803,2024-04-29,-1,-1,-1,-1,No Error,,,,nan
11520,2024-04-29,-1,-1,-1,-1,No Error,,,,nan
11521,2024-04-29,-1,-1,-1,-1,No Error,,,,nan
11522,2024-04-29,-1,-1,-1,-1,No Error,,,,nan
11523,2024-04-29,-1,-1,-1,-1,No Error,,,,nan
11524,2024-04-29,-1,-1,-1,-1,No Error,,,,nan
11525,2024-04-29,-1,-1,-1,-1,No Error,,,,nan
10487,2024-04-29,-1,-1,-1,-1,No Error,,,,nan
11527,2024-04-29,-1,-1,-1,-1,No Error,,,,nan
10343,2024-04-29,-1,-1,-1,-1,No Error,,,,nan
11120,2024-04-29,-1,-1,-1,-1,No Error,,,,nan
10750,2024-04-29,-1,-1,-1,-1,No Error,,,,nan
11531,2024-04-29,-1,-1,-1,-1,No Error,,,,nan
11532,2024-04-29,-1,-1,-1,-1,No Error,,,,nan
10798,2024-04-29,-1,-1,-1,-1,No Error,,,,nan
11534,2024-04-29,-1,-1,-1,-1,No Error,,,,nan
10332,2024-04-29,-1,-1,-1,-1,No Error,,,,nan
10830,2024-04-29,-1,-1,-1,-1,No Error,,,,nan
11537,2024-04-29,-1,-1,-1,-1,No Error,,,,nan
11538,2024-04-29,-1,-1,-1,-1,No Error,,,,nan
11539,2024-04-29,-1,-1,-1,-1,No Error,,,,nan
11540,2024-04-29,-1,-1,-1,-1,No Error,,,,nan
11541,2024-04-29,-1,-1,-1,-1,No Error,,,,nan
11542,2024-04-29,-1,-1,-1,-1,No Error,,,,nan
11543,2024-04-29,-1,-1,-1,-1,No Error,,,,nan
11476,2024-04-29,-1,-1,-1,-1,No Error,,,,nan
11545,2024-04-29,-1,-1,-1,-1,No Error,,,,nan
11546,2024-04-29,-1,-1,-1,-1,No Error,,,,nan
11037,2024-04-29,-1,-1,-1,-1,No Error,,,,nan
11548,2024-04-29,-1,-1,-1,-1,No Error,,,,nan
11549,2024-04-29,-1,-1,-1,-1,No Error,,,,nan
11109,2024-04-29,-1,-1,-1,-1,No Error,,,,nan
11245,2024-04-29,-1,-1,-1,-1,No Error,,,,nan
11552,2024-04-29,-1,-1,-1,-1,No Error,,,,nan
11553,2024-04-29,-1,-1,-1,-1,No Error,,,,nan
11554,2024-04-29,-1,-1,-1,-1,No Error,,,,nan
11555,2024-04-29,-1,-1,-1,-1,No Error,,,,nan
11556,2024-04-29,-1,-1,-1,-1,No Error,,,,nan
11557,2024-04-29,-1,-1,-1,-1,No Error,,,,nan
11558,2024-04-29,-1,-1,-1,-1,No Error,,,,nan
10253,2024-04-29,-1,-1,-1,-1,No Error,,,,nan
11561,2024-04-29,-1,-1,-1,-1,No Error,,,,nan
11024,2024-04-29,-1,-1,-1,-1,No Error,,,,nan
11619,2024-04-29,-1,-1,-1,-1,No Error,,,,nan
11563,2024-04-29,-1,-1,-1,-1,No Error,,,,nan
11564,2024-04-29,-1,-1,-1,-1,No Error,,,,nan
11565,2024-04-29,-1,-1,-1,-1,No Error,,,,nan
11566,2024-04-29,-1,-1,-1,-1,No Error,,,,nan
10976,2024-04-29,-1,-1,-1,-1,No Error,,,,nan
10367,2024-04-29,-1,-1,-1,-1,No Error,,,,nan
11569,2024-04-29,-1,-1,-1,-1,No Error,,,,nan
11570,2024-04-29,-1,-1,-1,-1,No Error,,,,nan
11571,2024-04-29,-1,-1,-1,-1,No Error,,,,nan
11572,2024-04-29,-1,-1,-1,-1,No Error,,,,nan
10412,2024-04-29,-1,-1,-1,-1,No Error,,,,nan
11574,2024-04-29,-1,-1,-1,-1,No Error,,,,nan
10515,2024-04-29,-1,-1,-1,-1,No Error,,,,nan
11576,2024-04-29,-1,-1,-1,-1,No Error,,,,nan
11577,2024-04-29,-1,-1,-1,-1,No Error,,,,nan
11578,2024-04-29,-1,-1,-1,-1,No Error,,,,nan
10131,2024-04-29,-1,-1,-1,-1,No Error,,,,nan
11580,2024-04-29,-1,-1,-1,-1,No Error,,,,nan
11289,2024-04-29,-1,-1,-1,-1,No Error,,,,nan
11582,2024-04-29,-1,-1,-1,-1,No Error,,,,nan
11927,2024-04-29,-1,-1,-1,-1,No Error,,,,nan
11584,2024-04-29,-1,-1,-1,-1,No Error,,,,nan
11739,2024-04-29,-1,-1,-1,-1,No Error,,,,nan
11586,2024-04-29,-1,-1,-1,-1,No Error,,,,nan
11587,2024-04-29,-1,-1,-1,-1,No Error,,,,nan
11588,2024-04-29,-1,-1,-1,-1,No Error,,,,nan
11589,2024-04-29,-1,-1,-1,-1,No Error,,,,nan
10965,2024-04-29,-1,-1,-1,-1,No Error,,,,nan
10709,2024-04-29,-1,-1,-1,-1,No Error,,,,nan
11592,2024-04-29,-1,-1,-1,-1,No Error,,,,nan
11593,2024-04-29,-1,-1,-1,-1,No Error,,,,nan
10821,2024-04-29,-1,-1,-1,-1,No Error,,,,nan
10164,2024-04-29,-1,-1,-1,-1,No Error,,,,nan
11596,2024-04-29,-1,-1,-1,-1,No Error,,,,nan
11597,2024-04-29,-1,-1,-1,-1,No Error,,,,nan
11598,2024-04-29,-1,-1,-1,-1,No Error,,,,nan
11599,2024-04-29,-1,-1,-1,-1,No Error,,,,nan
10818,2024-04-29,-1,-1,-1,-1,No Error,,,,nan
11601,2024-04-29,-1,-1,-1,-1,No Error,,,,nan
11602,2024-04-29,-1,-1,-1,-1,No Error,,,,nan
10966,2024-04-29,-1,-1,-1,-1,No Error,,,,nan
11573,2024-04-29,-1,-1,-1,-1,No Error,,,,nan
11605,2024-04-29,-1,-1,-1,-1,No Error,,,,nan
11606,2024-04-29,-1,-1,-1,-1,No Error,,,,nan
11607,2024-04-29,-1,-1,-1,-1,No Error,,,,nan
11608,2024-04-29,-1,-1,-1,-1,No Error,,,,nan
11609,2024-04-29,-1,-1,-1,-1,No Error,,,,nan
11610,2024-04-29,-1,-1,-1,-1,No Error,,,,nan
11611,2024-04-29,-1,-1,-1,-1,No Error,,,,nan
11897,2024-04-29,-1,-1,-1,-1,No Error,,,,nan
11659,2024-04-29,-1,-1,-1,-1,No Error,,,,nan
10276,2024-04-29,-1,-1,-1,-1,No Error,,,,nan
10118,2024-04-29,-1,-1,-1,-1,No Error,,,,nan
11616,2024-04-29,-1,-1,-1,-1,No Error,,,,nan
11617,2024-04-29,-1,-1,-1,-1,No Error,,,,nan
11618,2024-04-29,-1,-1,-1,-1,No Error,,,,nan
11404,2024-04-29,-1,-1,-1,-1,No Error,,,,nan
11620,2024-04-29,-1,-1,-1,-1,No Error,,,,nan
11621,2024-04-29,-1,-1,-1,-1,No Error,,,,nan
11622,2024-04-29,-1,-1,-1,-1,No Error,,,,nan
11623,2024-04-29,-1,-1,-1,-1,No Error,,,,nan
11624,2024-04-29,-1,-1,-1,-1,No Error,,,,nan
11445,2024-04-29,-1,-1,-1,-1,No Error,,,,nan
11626,2024-04-29,-1,-1,-1,-1,No Error,,,,nan
11928,2024-04-29,-1,-1,-1,-1,No Error,,,,nan
11759,2024-04-29,-1,-1,-1,-1,No Error,,,,nan
11839,2024-04-29,-1,-1,-1,-1,No Error,,,,nan
11630,2024-04-29,-1,-1,-1,-1,No Error,,,,nan
11631,2024-04-29,-1,-1,-1,-1,No Error,,,,nan
11632,2024-04-29,-1,-1,-1,-1,No Error,,,,nan
11633,2024-04-29,-1,-1,-1,-1,No Error,,,,nan
11634,2024-04-29,-1,-1,-1,-1,No Error,,,,nan
11312,2024-04-29,-1,-1,-1,-1,No Error,,,,nan
11636,2024-04-29,-1,-1,-1,-1,No Error,,,,nan
11637,2024-04-29,-1,-1,-1,-1,No Error,,,,nan
11075,2024-04-29,-1,-1,-1,-1,No Error,,,,nan
11702,2024-04-29,-1,-1,-1,-1,No Error,,,,nan
11640,2024-04-29,-1,-1,-1,-1,No Error,,,,nan
11641,2024-04-29,-1,-1,-1,-1,No Error,,,,nan
11642,2024-04-29,-1,-1,-1,-1,No Error,,,,nan
11643,2024-04-29,-1,-1,-1,-1,No Error,,,,nan
11644,2024-04-29,-1,-1,-1,-1,No Error,,,,nan
10350,2024-04-29,-1,-1,-1,-1,No Error,,,,nan
11646,2024-04-29,-1,-1,-1,-1,No Error,,,,nan
11647,2024-04-29,-1,-1,-1,-1,No Error,,,,nan
11648,2024-04-29,-1,-1,-1,-1,No Error,,,,nan
11649,2024-04-29,-1,-1,-1,-1,No Error,,,,nan
11650,2024-04-29,-1,-1,-1,-1,No Error,,,,nan
11651,2024-04-29,-1,-1,-1,-1,No Error,,,,nan
11814,2024-04-29,-1,-1,-1,-1,No Error,,,,nan
11653,2024-04-29,-1,-1,-1,-1,No Error,,,,nan
10449,2024-04-29,-1,-1,-1,-1,No Error,,,,nan
11655,2024-04-29,-1,-1,-1,-1,No Error,,,,nan
11656,2024-04-29,-1,-1,-1,-1,No Error,,,,nan
10813,2024-04-29,-1,-1,-1,-1,No Error,,,,nan
11658,2024-04-29,-1,-1,-1,-1,No Error,,,,nan
10737,2024-04-29,-1,-1,-1,-1,No Error,,,,nan
11269,2024-04-29,-1,-1,-1,-1,No Error,,,,nan
11661,2024-04-29,-1,-1,-1,-1,No Error,,,,nan
11662,2024-04-29,-1,-1,-1,-1,No Error,,,,nan
11663,2024-04-29,-1,-1,-1,-1,No Error,,,,nan
11664,2024-04-29,-1,-1,-1,-1,No Error,,,,nan
10319,2024-04-29,-1,-1,-1,-1,No Error,,,,nan
11666,2024-04-29,-1,-1,-1,-1,No Error,,,,nan
11667,2024-04-29,-1,-1,-1,-1,No Error,,,,nan
11668,2024-04-29,-1,-1,-1,-1,No Error,,,,nan
11669,2024-04-29,-1,-1,-1,-1,No Error,,,,nan
11670,2024-04-29,-1,-1,-1,-1,No Error,,,,nan
10406,2024-04-29,-1,-1,-1,-1,No Error,,,,nan
10247,2024-04-29,-1,-1,-1,-1,No Error,,,,nan
10306,2024-04-29,-1,-1,-1,-1,No Error,,,,nan
11674,2024-04-29,-1,-1,-1,-1,No Error,,,,nan
11675,2024-04-29,-1,-1,-1,-1,No Error,,,,nan
11676,2024-04-29,-1,-1,-1,-1,No Error,,,,nan
10960,2024-04-29,-1,-1,-1,-1,No Error,,,,nan
11678,2024-04-29,-1,-1,-1,-1,No Error,,,,nan
11679,2024-04-29,-1,-1,-1,-1,No Error,,,,nan
11680,2024-04-29,-1,-1,-1,-1,No Error,,,,nan
11681,2024-04-29,-1,-1,-1,-1,No Error,,,,nan
11682,2024-04-29,-1,-1,-1,-1,No Error,,,,nan
11683,2024-04-29,-1,-1,-1,-1,No Error,,,,nan
11684,2024-04-29,-1,-1,-1,-1,No Error,,,,nan
11685,2024-04-29,-1,-1,-1,-1,No Error,,,,nan
11686,2024-04-29,-1,-1,-1,-1,No Error,,,,nan
11687,2024-04-29,-1,-1,-1,-1,No Error,,,,nan
11688,2024-04-29,-1,-1,-1,-1,No Error,,,,nan
11689,2024-04-29,-1,-1,-1,-1,No Error,,,,nan
11690,2024-04-29,-1,-1,-1,-1,No Error,,,,nan
11691,2024-04-29,-1,-1,-1,-1,No Error,,,,nan
10523,2024-04-29,-1,-1,-1,-1,No Error,,,,nan
11693,2024-04-29,-1,-1,-1,-1,No Error,,,,nan
11694,2024-04-29,-1,-1,-1,-1,No Error,,,,nan
11695,2024-04-29,-1,-1,-1,-1,No Error,,,,nan
11473,2024-04-29,-1,-1,-1,-1,No Error,,,,nan
11697,2024-04-29,-1,-1,-1,-1,No Error,,,,nan
11698,2024-04-29,-1,-1,-1,-1,No Error,,,,nan
11699,2024-04-29,-1,-1,-1,-1,No Error,,,,nan
11700,2024-04-29,-1,-1,-1,-1,No Error,,,,nan
11701,2024-04-29,-1,-1,-1,-1,No Error,,,,nan
11013,2024-04-29,-1,-1,-1,-1,No Error,,,,nan
11703,2024-04-29,-1,-1,-1,-1,No Error,,,,nan
10163,2024-04-29,-1,-1,-1,-1,No Error,,,,nan
11705,2024-04-29,-1,-1,-1,-1,No Error,,,,nan
11706,2024-04-29,-1,-1,-1,-1,No Error,,,,nan
11276,2024-04-29,-1,-1,-1,-1,No Error,,,,nan
10029,2024-04-29,-1,-1,-1,-1,No Error,,,,nan
11709,2024-04-29,-1,-1,-1,-1,No Error,,,,nan
11218,2024-04-29,-1,-1,-1,-1,No Error,,,,nan
10861,2024-04-29,-1,-1,-1,-1,No Error,,,,nan
10234,2024-04-29,-1,-1,-1,-1,No Error,,,,nan
10989,2024-04-29,-1,-1,-1,-1,No Error,,,,nan
10567,2024-04-29,-1,-1,-1,-1,No Error,,,,nan
10040,2024-04-29,-1,-1,-1,-1,No Error,,,,nan
11716,2024-04-29,-1,-1,-1,-1,No Error,,,,nan
11717,2024-04-29,-1,-1,-1,-1,No Error,,,,nan
11718,2024-04-29,-1,-1,-1,-1,No Error,,,,nan
11956,2024-04-29,-1,-1,-1,-1,No Error,,,,nan
10375,2024-04-29,-1,-1,-1,-1,No Error,,,,nan
11721,2024-04-29,-1,-1,-1,-1,No Error,,,,nan
11991,2024-04-29,-1,-1,-1,-1,No Error,,,,nan
11723,2024-04-29,-1,-1,-1,-1,No Error,,,,nan
11865,2024-04-29,-1,-1,-1,-1,No Error,,,,nan
11725,2024-04-29,-1,-1,-1,-1,No Error,,,,nan
11726,2024-04-29,-1,-1,-1,-1,No Error,,,,nan
11727,2024-04-29,-1,-1,-1,-1,No Error,,,,nan
11728,2024-04-29,-1,-1,-1,-1,No Error,,,,nan
11729,2024-04-29,-1,-1,-1,-1,No Error,,,,nan
11730,2024-04-29,-1,-1,-1,-1,No Error,,,,nan
11731,2024-04-29,-1,-1,-1,-1,No Error,,,,nan
11732,2024-04-29,-1,-1,-1,-1,No Error,,,,nan
11733,2024-04-29,-1,-1,-1,-1,No Error,,,,nan
11652,2024-04-29,-1,-1,-1,-1,No Error,,,,nan
11735,2024-04-29,-1,-1,-1,-1,No Error,,,,nan
11736,2024-04-29,-1,-1,-1,-1,No Error,,,,nan
11737,2024-04-29,-1,-1,-1,-1,No Error,,,,nan
11738,2024-04-29,-1,-1,-1,-1,No Error,,,,nan
11185,2024-04-29,-1,-1,-1,-1,No Error,,,,nan
11568,2024-04-29,-1,-1,-1,-1,No Error,,,,nan
10543,2024-04-29,-1,-1,-1,-1,No Error,,,,nan
10993,2024-04-29,-1,-1,-1,-1,No Error,,,,nan
11743,2024-04-29,-1,-1,-1,-1,No Error,,,,nan
11744,2024-04-29,-1,-1,-1,-1,No Error,,,,nan
11745,2024-04-29,-1,-1,-1,-1,No Error,,,,nan
11746,2024-04-29,-1,-1,-1,-1,No Error,,,,nan
11747,2024-04-29,-1,-1,-1,-1,No Error,,,,nan
11748,2024-04-29,-1,-1,-1,-1,No Error,,,,nan
11749,2024-04-29,-1,-1,-1,-1,No Error,,,,nan
10789,2024-04-29,-1,-1,-1,-1,No Error,,,,nan
11751,2024-04-29,-1,-1,-1,-1,No Error,,,,nan
11973,2024-04-29,-1,-1,-1,-1,No Error,,,,nan
11753,2024-04-29,-1,-1,-1,-1,No Error,,,,nan
11779,2024-04-29,-1,-1,-1,-1,No Error,,,,nan
11755,2024-04-29,-1,-1,-1,-1,No Error,,,,nan
11756,2024-04-29,-1,-1,-1,-1,No Error,,,,nan
11757,2024-04-29,-1,-1,-1,-1,No Error,,,,nan
11758,2024-04-29,-1,-1,-1,-1,No Error,,,,nan
11030,2024-04-29,-1,-1,-1,-1,No Error,,,,nan
10134,2024-04-29,-1,-1,-1,-1,No Error,,,,nan
11761,2024-04-29,-1,-1,-1,-1,No Error,,,,nan
11762,2024-04-29,-1,-1,-1,-1,No Error,,,,nan
11763,2024-04-29,-1,-1,-1,-1,No Error,,,,nan
11764,2024-04-29,-1,-1,-1,-1,No Error,,,,nan
11765,2024-04-29,-1,-1,-1,-1,No Error,,,,nan
11766,2024-04-29,-1,-1,-1,-1,No Error,,,,nan
11767,2024-04-29,-1,-1,-1,-1,No Error,,,,nan
10486,2024-04-29,-1,-1,-1,-1,No Error,,,,nan
11581,2024-04-29,-1,-1,-1,-1,No Error,,,,nan
10856,2024-04-29,-1,-1,-1,-1,No Error,,,,nan
11771,2024-04-29,-1,-1,-1,-1,No Error,,,,nan
11772,2024-04-29,-1,-1,-1,-1,No Error,,,,nan
11773,2024-04-29,-1,-1,-1,-1,No Error,,,,nan
11774,2024-04-29,-1,-1,-1,-1,No Error,,,,nan
11713,2024-04-29,-1,-1,-1,-1,No Error,,,,nan
11776,2024-04-29,-1,-1,-1,-1,No Error,,,,nan
11777,2024-04-29,-1,-1,-1,-1,No Error,,,,nan
11778,2024-04-29,-1,-1,-1,-1,No Error,,,,nan
11734,2024-04-29,-1,-1,-1,-1,No Error,,,,nan
10624,2024-04-29,-1,-1,-1,-1,No Error,,,,nan
11781,2024-04-29,-1,-1,-1,-1,No Error,,,,nan
11468,2024-04-29,-1,-1,-1,-1,No Error,,,,nan
10100,2024-04-29,-1,-1,-1,-1,No Error,,,,nan
11784,2024-04-29,-1,-1,-1,-1,No Error,,,,nan
11785,2024-04-29,-1,-1,-1,-1,No Error,,,,nan
11786,2024-04-29,-1,-1,-1,-1,No Error,,,,nan
11787,2024-04-29,-1,-1,-1,-1,No Error,,,,nan
11788,2024-04-29,-1,-1,-1,-1,No Error,,,,nan
11424,2024-04-29,-1,-1,-1,-1,No Error,,,,nan
11790,2024-04-29,-1,-1,-1,-1,No Error,,,,nan
11791,2024-04-29,-1,-1,-1,-1,No Error,,,,nan
11812,2024-04-29,-1,-1,-1,-1,No Error,,,,nan
11793,2024-04-29,-1,-1,-1,-1,No Error,,,,nan
11794,2024-04-29,-1,-1,-1,-1,No Error,,,,nan
11795,2024-04-29,-1,-1,-1,-1,No Error,,,,nan
11796,2024-04-29,-1,-1,-1,-1,No Error,,,,nan
11797,2024-04-29,-1,-1,-1,-1,No Error,,,,nan
11798,2024-04-29,-1,-1,-1,-1,No Error,,,,nan
11799,2024-04-29,-1,-1,-1,-1,No Error,,,,nan
11800,2024-04-29,-1,-1,-1,-1,No Error,,,,nan
11801,2024-04-29,-1,-1,-1,-1,No Error,,,,nan
11802,2024-04-29,-1,-1,-1,-1,No Error,,,,nan
11803,2024-04-29,-1,-1,-1,-1,No Error,,,,nan
11804,2024-04-29,-1,-1,-1,-1,No Error,,,,nan
10308,2024-04-29,-1,-1,-1,-1,No Error,,,,nan
11806,2024-04-29,-1,-1,-1,-1,No Error,,,,nan
11720,2024-04-29,-1,-1,-1,-1,No Error,,,,nan
11808,2024-04-29,-1,-1,-1,-1,No Error,,,,nan
11809,2024-04-29,-1,-1,-1,-1,No Error,,,,nan
11810,2024-04-29,-1,-1,-1,-1,No Error,,,,nan
11562,2024-04-29,-1,-1,-1,-1,No Error,,,,nan
10011,2024-04-29,-1,-1,-1,-1,No Error,,,,nan
10407,2024-04-29,-1,-1,-1,-1,No Error,,,,nan
11325,2024-04-29,-1,-1,-1,-1,No Error,,,,nan
10468,2024-04-29,-1,-1,-1,-1,No Error,,,,nan
11816,2024-04-29,-1,-1,-1,-1,No Error,,,,nan
11817,2024-04-29,-1,-1,-1,-1,No Error,,,,nan
11818,2024-04-29,-1,-1,-1,-1,No Error,,,,nan
10105,2024-04-29,-1,-1,-1,-1,No Error,,,,nan
10848,2024-04-29,-1,-1,-1,-1,No Error,,,,nan
11821,2024-04-29,-1,-1,-1,-1,No Error,,,,nan
11822,2024-04-29,-1,-1,-1,-1,No Error,,,,nan
11272,2024-04-29,-1,-1,-1,-1,No Error,,,,nan
11824,2024-04-29,-1,-1,-1,-1,No Error,,,,nan
11825,2024-04-29,-1,-1,-1,-1,No Error,,,,nan
11826,2024-04-29,-1,-1,-1,-1,No Error,,,,nan
11827,2024-04-29,-1,-1,-1,-1,No Error,,,,nan
11828,2024-04-29,-1,-1,-1,-1,No Error,,,,nan
11829,2024-04-29,-1,-1,-1,-1,No Error,,,,nan
11830,2024-04-29,-1,-1,-1,-1,No Error,,,,nan
11831,2024-04-29,-1,-1,-1,-1,No Error,,,,nan
11898,2024-04-29,-1,-1,-1,-1,No Error,,,,nan
11528,2024-04-29,-1,-1,-1,-1,No Error,,,,nan
10464,2024-04-29,-1,-1,-1,-1,No Error,,,,nan
11835,2024-04-29,-1,-1,-1,-1,No Error,,,,nan
11452,2024-04-29,-1,-1,-1,-1,No Error,,,,nan
11560,2024-04-29,-1,-1,-1,-1,No Error,,,,nan
11838,2024-04-29,-1,-1,-1,-1,No Error,,,,nan
10739,2024-04-29,-1,-1,-1,-1,No Error,,,,nan
11840,2024-04-29,-1,-1,-1,-1,No Error,,,,nan
11841,2024-04-29,-1,-1,-1,-1,No Error,,,,nan
11842,2024-04-29,-1,-1,-1,-1,No Error,,,,nan
10675,2024-04-29,-1,-1,-1,-1,No Error,,,,nan
11844,2024-04-29,-1,-1,-1,-1,No Error,,,,nan
11845,2024-04-29,-1,-1,-1,-1,No Error,,,,nan
11846,2024-04-29,-1,-1,-1,-1,No Error,,,,nan
10090,2024-04-29,-1,-1,-1,-1,No Error,,,,nan
10792,2024-04-29,-1,-1,-1,-1,No Error,,,,nan
11904,2024-04-29,-1,-1,-1,-1,No Error,,,,nan
11850,2024-04-29,-1,-1,-1,-1,No Error,,,,nan
11851,2024-04-29,-1,-1,-1,-1,No Error,,,,nan
11852,2024-04-29,-1,-1,-1,-1,No Error,,,,nan
11853,2024-04-29,-1,-1,-1,-1,No Error,,,,nan
10415,2024-04-29,-1,-1,-1,-1,No Error,,,,nan
11855,2024-04-29,-1,-1,-1,-1,No Error,,,,nan
11782,2024-04-29,-1,-1,-1,-1,No Error,,,,nan
11179,2024-04-29,-1,-1,-1,-1,No Error,,,,nan
11858,2024-04-29,-1,-1,-1,-1,No Error,,,,nan
11859,2024-04-29,-1,-1,-1,-1,No Error,,,,nan
11677,2024-04-29,-1,-1,-1,-1,No Error,,,,nan
11627,2024-04-29,-1,-1,-1,-1,No Error,,,,nan
11862,2024-04-29,-1,-1,-1,-1,No Error,,,,nan
11863,2024-04-29,-1,-1,-1,-1,No Error,,,,nan
10691,2024-04-29,-1,-1,-1,-1,No Error,,,,nan
11977,2024-04-29,-1,-1,-1,-1,No Error,,,,nan
11820,2024-04-29,-1,-1,-1,-1,No Error,,,,nan
11847,2024-04-29,-1,-1,-1,-1,No Error,,,,nan
10128,2024-04-29,-1,-1,-1,-1,No Error,,,,nan
11869,2024-04-29,-1,-1,-1,-1,No Error,,,,nan
10191,2024-04-29,-1,-1,-1,-1,No Error,,,,nan
11871,2024-04-29,-1,-1,-1,-1,No Error,,,,nan
10241,2024-04-29,-1,-1,-1,-1,No Error,,,,nan
11873,2024-04-29,-1,-1,-1,-1,No Error,,,,nan
11874,2024-04-29,-1,-1,-1,-1,No Error,,,,nan
11875,2024-04-29,-1,-1,-1,-1,No Error,,,,nan
11876,2024-04-29,-1,-1,-1,-1,No Error,,,,nan
11877,2024-04-29,-1,-1,-1,-1,No Error,,,,nan
11878,2024-04-29,-1,-1,-1,-1,No Error,,,,nan
11879,2024-04-29,-1,-1,-1,-1,No Error,,,,nan
10522,2024-04-29,-1,-1,-1,-1,No Error,,,,nan
11881,2024-04-29,-1,-1,-1,-1,No Error,,,,nan
11882,2024-04-29,-1,-1,-1,-1,No Error,,,,nan
11064,2024-04-29,-1,-1,-1,-1,No Error,,,,nan
10023,2024-04-29,-1,-1,-1,-1,No Error,,,,nan
11604,2024-04-29,-1,-1,-1,-1,No Error,,,,nan
11886,2024-04-29,-1,-1,-1,-1,No Error,,,,nan
11887,2024-04-29,-1,-1,-1,-1,No Error,,,,nan
11888,2024-04-29,-1,-1,-1,-1,No Error,,,,nan
11854,2024-04-29,-1,-1,-1,-1,No Error,,,,nan
11890,2024-04-29,-1,-1,-1,-1,No Error,,,,nan
11891,2024-04-29,-1,-1,-1,-1,No Error,,,,nan
11892,2024-04-29,-1,-1,-1,-1,No Error,,,,nan
11893,2024-04-29,-1,-1,-1,-1,No Error,,,,nan
11894,2024-04-29,-1,-1,-1,-1,No Error,,,,nan
11848,2024-04-29,-1,-1,-1,-1,No Error,,,,nan
11896,2024-04-29,-1,-1,-1,-1,No Error,,,,nan
10849,2024-04-29,-1,-1,-1,-1,No Error,,,,nan
11151,2024-04-29,-1,-1,-1,-1,No Error,,,,nan
11899,2024-04-29,-1,-1,-1,-1,No Error,,,,nan
11900,2024-04-29,-1,-1,-1,-1,No Error,,,,nan
11901,2024-04-29,-1,-1,-1,-1,No Error,,,,nan
11902,2024-04-29,-1,-1,-1,-1,No Error,,,,nan
11903,2024-04-29,-1,-1,-1,-1,No Error,,,,nan
11225,2024-04-29,-1,-1,-1,-1,No Error,,,,nan
11905,2024-04-29,-1,-1,-1,-1,No Error,,,,nan
11906,2024-04-29,-1,-1,-1,-1,No Error,,,,nan
11783,2024-04-29,-1,-1,-1,-1,No Error,,,,nan
10290,2024-04-29,-1,-1,-1,-1,No Error,,,,nan
11909,2024-04-29,-1,-1,-1,-1,No Error,,,,nan
11910,2024-04-29,-1,-1,-1,-1,No Error,,,,nan
11530,2024-04-29,-1,-1,-1,-1,No Error,,,,nan
11775,2024-04-29,-1,-1,-1,-1,No Error,,,,nan
10097,2024-04-29,-1,-1,-1,-1,No Error,,,,nan
11914,2024-04-29,-1,-1,-1,-1,No Error,,,,nan
11915,2024-04-29,-1,-1,-1,-1,No Error,,,,nan
11916,2024-04-29,-1,-1,-1,-1,No Error,,,,nan
10145,2024-04-29,-1,-1,-1,-1,No Error,,,,nan
10833,2024-04-29,-1,-1,-1,-1,No Error,,,,nan
11919,2024-04-29,-1,-1,-1,-1,No Error,,,,nan
11714,2024-04-29,-1,-1,-1,-1,No Error,,,,nan
11921,2024-04-29,-1,-1,-1,-1,No Error,,,,nan
11922,2024-04-29,-1,-1,-1,-1,No Error,,,,nan
11923,2024-04-29,-1,-1,-1,-1,No Error,,,,nan
11924,2024-04-29,-1,-1,-1,-1,No Error,,,,nan
11925,2024-04-29,-1,-1,-1,-1,No Error,,,,nan
11926,2024-04-29,-1,-1,-1,-1,No Error,,,,nan
11913,2024-04-29,-1,-1,-1,-1,No Error,,,,nan
10334,2024-04-29,-1,-1,-1,-1,No Error,,,,nan
11710,2024-04-29,-1,-1,-1,-1,No Error,,,,nan
11930,2024-04-29,-1,-1,-1,-1,No Error,,,,nan
11931,2024-04-29,-1,-1,-1,-1,No Error,,,,nan
11932,2024-04-29,-1,-1,-1,-1,No Error,,,,nan
11933,2024-04-29,-1,-1,-1,-1,No Error,,,,nan
11711,2024-04-29,-1,-1,-1,-1,No Error,,,,nan
11935,2024-04-29,-1,-1,-1,-1,No Error,,,,nan
11936,2024-04-29,-1,-1,-1,-1,No Error,,,,nan
10140,2024-04-29,-1,-1,-1,-1,No Error,,,,nan
11920,2024-04-29,-1,-1,-1,-1,No Error,,,,nan
11939,2024-04-29,-1,-1,-1,-1,No Error,,,,nan
11940,2024-04-29,-1,-1,-1,-1,No Error,,,,nan
10808,2024-04-29,-1,-1,-1,-1,No Error,,,,nan
11512,2024-04-29,-1,-1,-1,-1,No Error,,,,nan
11943,2024-04-29,-1,-1,-1,-1,No Error,,,,nan
10918,2024-04-29,-1,-1,-1,-1,No Error,,,,nan
11945,2024-04-29,-1,-1,-1,-1,No Error,,,,nan
11946,2024-04-29,-1,-1,-1,-1,No Error,,,,nan
11947,2024-04-29,-1,-1,-1,-1,No Error,,,,nan
11948,2024-04-29,-1,-1,-1,-1,No Error,,,,nan
11949,2024-04-29,-1,-1,-1,-1,No Error,,,,nan
11950,2024-04-29,-1,-1,-1,-1,No Error,,,,nan
11951,2024-04-29,-1,-1,-1,-1,No Error,,,,nan
11952,2024-04-29,-1,-1,-1,-1,No Error,,,,nan
11140,2024-04-29,-1,-1,-1,-1,No Error,,,,nan
11954,2024-04-29,-1,-1,-1,-1,No Error,,,,nan
11955,2024-04-29,-1,-1,-1,-1,No Error,,,,nan
10599,2024-04-29,-1,-1,-1,-1,No Error,,,,nan
11692,2024-04-29,-1,-1,-1,-1,No Error,,,,nan
11958,2024-04-29,-1,-1,-1,-1,No Error,,,,nan
11959,2024-04-29,-1,-1,-1,-1,No Error,,,,nan
11960,2024-04-29,-1,-1,-1,-1,No Error,,,,nan
11961,2024-04-29,-1,-1,-1,-1,No Error,,,,nan
11962,2024-04-29,-1,-1,-1,-1,No Error,,,,nan
11963,2024-04-29,-1,-1,-1,-1,No Error,,,,nan
11964,2024-04-29,-1,-1,-1,-1,No Error,,,,nan
11965,2024-04-29,-1,-1,-1,-1,No Error,,,,nan
10301,2024-04-29,-1,-1,-1,-1,No Error,,,,nan
11967,2024-04-29,-1,-1,-1,-1,No Error,,,,nan
11968,2024-04-29,-1,-1,-1,-1,No Error,,,,nan
11969,2024-04-29,-1,-1,-1,-1,No Error,,,,nan
11970,2024-04-29,-1,-1,-1,-1,No Error,,,,nan
11971,2024-04-29,-1,-1,-1,-1,No Error,,,,nan
11972,2024-04-29,-1,-1,-1,-1,No Error,,,,nan
11719,2024-04-29,-1,-1,-1,-1,No Error,,,,nan
11974,2024-04-29,-1,-1,-1,-1,No Error,,,,nan
11975,2024-04-29,-1,-1,-1,-1,No Error,,,,nan
11976,2024-04-29,-1,-1,-1,-1,No Error,,,,nan
11724,2024-04-29,-1,-1,-1,-1,No Error,,,,nan
11978,2024-04-29,-1,-1,-1,-1,No Error,,,,nan
11979,2024-04-29,-1,-1,-1,-1,No Error,,,,nan
11303,2024-04-29,-1,-1,-1,-1,No Error,,,,nan
11981,2024-04-29,-1,-1,-1,-1,No Error,,,,nan
11095,2024-04-29,-1,-1,-1,-1,No Error,,,,nan
11983,2024-04-29,-1,-1,-1,-1,No Error,,,,nan
10529,2024-04-29,-1,-1,-1,-1,No Error,,,,nan
10282,2024-04-29,-1,-1,-1,-1,No Error,,,,nan
11590,2024-04-29,-1,-1,-1,-1,No Error,,,,nan
11987,2024-04-29,-1,-1,-1,-1,No Error,,,,nan
11988,2024-04-29,-1,-1,-1,-1,No Error,,,,nan
11989,2024-04-29,-1,-1,-1,-1,No Error,,,,nan
10495,2024-04-29,-1,-1,-1,-1,No Error,,,,nan
10305,2024-04-29,-1,-1,-1,-1,No Error,,,,nan
11992,2024-04-29,-1,-1,-1,-1,No Error,,,,nan
11993,2024-04-29,-1,-1,-1,-1,No Error,,,,nan
11994,2024-04-29,-1,-1,-1,-1,No Error,,,,nan
11995,2024-04-29,-1,-1,-1,-1,No Error,,,,nan
11990,2024-04-29,-1,-1,-1,-1,No Error,,,,nan
11997,2024-04-29,-1,-1,-1,-1,No Error,,,,nan
11342,2024-04-29,-1,-1,-1,-1,No Error,,,,nan
11999,2024-04-29,-1,-1,-1,-1,No Error,,,,nan
12000,2024-04-29,-1,-1,-1,-1,No Error,,,,nan
