Sample Number,PolicyStartDate,Excess,Tower_monthly_premium,Tower_yearly_premium,Tower_Error_code,Tower_selected_address,Tower_estimated_replacement_cost
10001,2024-04-24,500,-1,-1,No Error,,-1
10002,2024-04-24,500,-1,-1,No Error,,-1
10003,2024-04-24,500,-1,-1,No Error,,-1
10004,2024-04-24,500,-1,-1,No Error,,-1
10005,2024-04-24,500,-1,-1,No Error,,-1
10006,2024-04-24,500,-1,-1,No Error,,-1
10338,2024-04-24,500,-1,-1,No Error,,-1
10008,2024-04-24,500,-1,-1,No Error,,-1
10009,2024-04-24,500,-1,-1,No Error,,-1
10010,2024-04-24,500,-1,-1,No Error,,-1
10579,2024-04-24,500,-1,-1,No Error,,-1
10012,2024-04-24,500,-1,-1,No Error,,-1
10923,2024-04-24,500,-1,-1,No Error,,-1
10014,2024-04-24,500,-1,-1,No Error,,-1
10015,2024-04-24,500,-1,-1,No Error,,-1
10016,2024-04-24,500,-1,-1,No Error,,-1
10017,2024-04-24,500,-1,-1,No Error,,-1
10018,2024-04-24,500,-1,-1,No Error,,-1
11860,2024-04-24,500,-1,-1,No Error,,-1
10020,2024-04-24,500,-1,-1,No Error,,-1
10021,2024-04-24,500,-1,-1,No Error,,-1
10022,2024-04-24,500,-1,-1,No Error,,-1
11090,2024-04-24,500,-1,-1,No Error,,-1
10024,2024-04-24,500,-1,-1,No Error,,-1
10025,2024-04-24,500,-1,-1,No Error,,-1
10026,2024-04-24,500,-1,-1,No Error,,-1
10027,2024-04-24,500,-1,-1,No Error,,-1
10028,2024-04-24,500,-1,-1,No Error,,-1
10200,2024-04-24,500,-1,-1,No Error,,-1
10030,2024-04-24,500,-1,-1,No Error,,-1
10031,2024-04-24,500,-1,-1,No Error,,-1
10032,2024-04-24,500,-1,-1,No Error,,-1
10834,2024-04-24,500,-1,-1,No Error,,-1
10034,2024-04-24,500,-1,-1,No Error,,-1
11427,2024-04-24,500,-1,-1,No Error,,-1
10535,2024-04-24,500,-1,-1,No Error,,-1
10037,2024-04-24,500,-1,-1,No Error,,-1
11466,2024-04-24,500,-1,-1,No Error,,-1
10669,2024-04-24,500,-1,-1,No Error,,-1
10613,2024-04-24,500,-1,-1,No Error,,-1
10041,2024-04-24,500,-1,-1,No Error,,-1
10042,2024-04-24,500,-1,-1,No Error,,-1
10043,2024-04-24,500,-1,-1,No Error,,-1
10044,2024-04-24,500,-1,-1,No Error,,-1
10045,2024-04-24,500,-1,-1,No Error,,-1
10046,2024-04-24,500,-1,-1,No Error,,-1
10007,2024-04-24,500,-1,-1,No Error,,-1
10048,2024-04-24,500,-1,-1,No Error,,-1
10049,2024-04-24,500,-1,-1,No Error,,-1
10050,2024-04-24,500,-1,-1,No Error,,-1
10051,2024-04-24,500,-1,-1,No Error,,-1
10052,2024-04-24,500,-1,-1,No Error,,-1
11544,2024-04-24,500,-1,-1,No Error,,-1
10336,2024-04-24,500,-1,-1,No Error,,-1
10055,2024-04-24,500,-1,-1,No Error,,-1
10036,2024-04-24,500,-1,-1,No Error,,-1
10057,2024-04-24,500,-1,-1,No Error,,-1
10058,2024-04-24,500,-1,-1,No Error,,-1
11547,2024-04-24,500,-1,-1,No Error,,-1
11167,2024-04-24,500,-1,-1,No Error,,-1
10061,2024-04-24,500,-1,-1,No Error,,-1
10062,2024-04-24,500,-1,-1,No Error,,-1
10063,2024-04-24,500,-1,-1,No Error,,-1
11267,2024-04-24,500,-1,-1,No Error,,-1
10065,2024-04-24,500,-1,-1,No Error,,-1
10958,2024-04-24,500,-1,-1,No Error,,-1
11292,2024-04-24,500,-1,-1,No Error,,-1
11421,2024-04-24,500,-1,-1,No Error,,-1
11431,2024-04-24,500,-1,-1,No Error,,-1
10070,2024-04-24,500,-1,-1,No Error,,-1
10071,2024-04-24,500,-1,-1,No Error,,-1
10072,2024-04-24,500,-1,-1,No Error,,-1
10073,2024-04-24,500,-1,-1,No Error,,-1
10074,2024-04-24,500,-1,-1,No Error,,-1
10075,2024-04-24,500,-1,-1,No Error,,-1
10076,2024-04-24,500,-1,-1,No Error,,-1
10064,2024-04-24,500,-1,-1,No Error,,-1
10078,2024-04-24,500,-1,-1,No Error,,-1
10079,2024-04-24,500,-1,-1,No Error,,-1
10080,2024-04-24,500,-1,-1,No Error,,-1
10081,2024-04-24,500,-1,-1,No Error,,-1
10082,2024-04-24,500,-1,-1,No Error,,-1
11907,2024-04-24,500,-1,-1,No Error,,-1
10084,2024-04-24,500,-1,-1,No Error,,-1
10085,2024-04-24,500,-1,-1,No Error,,-1
10493,2024-04-24,500,-1,-1,No Error,,-1
10087,2024-04-24,500,-1,-1,No Error,,-1
10088,2024-04-24,500,-1,-1,No Error,,-1
10089,2024-04-24,500,-1,-1,No Error,,-1
11159,2024-04-24,500,-1,-1,No Error,,-1
10091,2024-04-24,500,-1,-1,No Error,,-1
10092,2024-04-24,500,-1,-1,No Error,,-1
11613,2024-04-24,500,-1,-1,No Error,,-1
10094,2024-04-24,500,-1,-1,No Error,,-1
10095,2024-04-24,500,-1,-1,No Error,,-1
10096,2024-04-24,500,-1,-1,No Error,,-1
10102,2024-04-24,500,-1,-1,No Error,,-1
10351,2024-04-24,500,-1,-1,No Error,,-1
10099,2024-04-24,500,-1,-1,No Error,,-1
11231,2024-04-24,500,-1,-1,No Error,,-1
10101,2024-04-24,500,-1,-1,No Error,,-1
10054,2024-04-24,500,-1,-1,No Error,,-1
10103,2024-04-24,500,-1,-1,No Error,,-1
10104,2024-04-24,500,-1,-1,No Error,,-1
11420,2024-04-24,500,-1,-1,No Error,,-1
11741,2024-04-24,500,-1,-1,No Error,,-1
10107,2024-04-24,500,-1,-1,No Error,,-1
10108,2024-04-24,500,-1,-1,No Error,,-1
11911,2024-04-24,500,-1,-1,No Error,,-1
11462,2024-04-24,500,-1,-1,No Error,,-1
10111,2024-04-24,500,-1,-1,No Error,,-1
10112,2024-04-24,500,-1,-1,No Error,,-1
10113,2024-04-24,500,-1,-1,No Error,,-1
11251,2024-04-24,500,-1,-1,No Error,,-1
10115,2024-04-24,500,-1,-1,No Error,,-1
10116,2024-04-24,500,-1,-1,No Error,,-1
10117,2024-04-24,500,-1,-1,No Error,,-1
10769,2024-04-24,500,-1,-1,No Error,,-1
10119,2024-04-24,500,-1,-1,No Error,,-1
10120,2024-04-24,500,-1,-1,No Error,,-1
10121,2024-04-24,500,-1,-1,No Error,,-1
10122,2024-04-24,500,-1,-1,No Error,,-1
10123,2024-04-24,500,-1,-1,No Error,,-1
10124,2024-04-24,500,-1,-1,No Error,,-1
11526,2024-04-24,500,-1,-1,No Error,,-1
10126,2024-04-24,500,-1,-1,No Error,,-1
10127,2024-04-24,500,-1,-1,No Error,,-1
11834,2024-04-24,500,-1,-1,No Error,,-1
10129,2024-04-24,500,-1,-1,No Error,,-1
10917,2024-04-24,500,-1,-1,No Error,,-1
10432,2024-04-24,500,-1,-1,No Error,,-1
10132,2024-04-24,500,-1,-1,No Error,,-1
10133,2024-04-24,500,-1,-1,No Error,,-1
10841,2024-04-24,500,-1,-1,No Error,,-1
10135,2024-04-24,500,-1,-1,No Error,,-1
10136,2024-04-24,500,-1,-1,No Error,,-1
10137,2024-04-24,500,-1,-1,No Error,,-1
11447,2024-04-24,500,-1,-1,No Error,,-1
10139,2024-04-24,500,-1,-1,No Error,,-1
10518,2024-04-24,500,-1,-1,No Error,,-1
10141,2024-04-24,500,-1,-1,No Error,,-1
10142,2024-04-24,500,-1,-1,No Error,,-1
10143,2024-04-24,500,-1,-1,No Error,,-1
10144,2024-04-24,500,-1,-1,No Error,,-1
11660,2024-04-24,500,-1,-1,No Error,,-1
10146,2024-04-24,500,-1,-1,No Error,,-1
10389,2024-04-24,500,-1,-1,No Error,,-1
10148,2024-04-24,500,-1,-1,No Error,,-1
10972,2024-04-24,500,-1,-1,No Error,,-1
10150,2024-04-24,500,-1,-1,No Error,,-1
10151,2024-04-24,500,-1,-1,No Error,,-1
10152,2024-04-24,500,-1,-1,No Error,,-1
10153,2024-04-24,500,-1,-1,No Error,,-1
11244,2024-04-24,500,-1,-1,No Error,,-1
11203,2024-04-24,500,-1,-1,No Error,,-1
10156,2024-04-24,500,-1,-1,No Error,,-1
10157,2024-04-24,500,-1,-1,No Error,,-1
10158,2024-04-24,500,-1,-1,No Error,,-1
10138,2024-04-24,500,-1,-1,No Error,,-1
10160,2024-04-24,500,-1,-1,No Error,,-1
11258,2024-04-24,500,-1,-1,No Error,,-1
11742,2024-04-24,500,-1,-1,No Error,,-1
10489,2024-04-24,500,-1,-1,No Error,,-1
11328,2024-04-24,500,-1,-1,No Error,,-1
10165,2024-04-24,500,-1,-1,No Error,,-1
11942,2024-04-24,500,-1,-1,No Error,,-1
10167,2024-04-24,500,-1,-1,No Error,,-1
11836,2024-04-24,500,-1,-1,No Error,,-1
10169,2024-04-24,500,-1,-1,No Error,,-1
10059,2024-04-24,500,-1,-1,No Error,,-1
10171,2024-04-24,500,-1,-1,No Error,,-1
11172,2024-04-24,500,-1,-1,No Error,,-1
10173,2024-04-24,500,-1,-1,No Error,,-1
10174,2024-04-24,500,-1,-1,No Error,,-1
11559,2024-04-24,500,-1,-1,No Error,,-1
10176,2024-04-24,500,-1,-1,No Error,,-1
10177,2024-04-24,500,-1,-1,No Error,,-1
10178,2024-04-24,500,-1,-1,No Error,,-1
10179,2024-04-24,500,-1,-1,No Error,,-1
10180,2024-04-24,500,-1,-1,No Error,,-1
10181,2024-04-24,500,-1,-1,No Error,,-1
10559,2024-04-24,500,-1,-1,No Error,,-1
10183,2024-04-24,500,-1,-1,No Error,,-1
10184,2024-04-24,500,-1,-1,No Error,,-1
10185,2024-04-24,500,-1,-1,No Error,,-1
10186,2024-04-24,500,-1,-1,No Error,,-1
11337,2024-04-24,500,-1,-1,No Error,,-1
10738,2024-04-24,500,-1,-1,No Error,,-1
10662,2024-04-24,500,-1,-1,No Error,,-1
10190,2024-04-24,500,-1,-1,No Error,,-1
11146,2024-04-24,500,-1,-1,No Error,,-1
10192,2024-04-24,500,-1,-1,No Error,,-1
11056,2024-04-24,500,-1,-1,No Error,,-1
11614,2024-04-24,500,-1,-1,No Error,,-1
10195,2024-04-24,500,-1,-1,No Error,,-1
10196,2024-04-24,500,-1,-1,No Error,,-1
10197,2024-04-24,500,-1,-1,No Error,,-1
11953,2024-04-24,500,-1,-1,No Error,,-1
10199,2024-04-24,500,-1,-1,No Error,,-1
11324,2024-04-24,500,-1,-1,No Error,,-1
10201,2024-04-24,500,-1,-1,No Error,,-1
10202,2024-04-24,500,-1,-1,No Error,,-1
10203,2024-04-24,500,-1,-1,No Error,,-1
10423,2024-04-24,500,-1,-1,No Error,,-1
10205,2024-04-24,500,-1,-1,No Error,,-1
10206,2024-04-24,500,-1,-1,No Error,,-1
10207,2024-04-24,500,-1,-1,No Error,,-1
10208,2024-04-24,500,-1,-1,No Error,,-1
10209,2024-04-24,500,-1,-1,No Error,,-1
10210,2024-04-24,500,-1,-1,No Error,,-1
10211,2024-04-24,500,-1,-1,No Error,,-1
10212,2024-04-24,500,-1,-1,No Error,,-1
10213,2024-04-24,500,-1,-1,No Error,,-1
11340,2024-04-24,500,-1,-1,No Error,,-1
10565,2024-04-24,500,-1,-1,No Error,,-1
11780,2024-04-24,500,-1,-1,No Error,,-1
10217,2024-04-24,500,-1,-1,No Error,,-1
10218,2024-04-24,500,-1,-1,No Error,,-1
10627,2024-04-24,500,-1,-1,No Error,,-1
11575,2024-04-24,500,-1,-1,No Error,,-1
10221,2024-04-24,500,-1,-1,No Error,,-1
10222,2024-04-24,500,-1,-1,No Error,,-1
10791,2024-04-24,500,-1,-1,No Error,,-1
11889,2024-04-24,500,-1,-1,No Error,,-1
10225,2024-04-24,500,-1,-1,No Error,,-1
10226,2024-04-24,500,-1,-1,No Error,,-1
10227,2024-04-24,500,-1,-1,No Error,,-1
10228,2024-04-24,500,-1,-1,No Error,,-1
10229,2024-04-24,500,-1,-1,No Error,,-1
10230,2024-04-24,500,-1,-1,No Error,,-1
10231,2024-04-24,500,-1,-1,No Error,,-1
10232,2024-04-24,500,-1,-1,No Error,,-1
10233,2024-04-24,500,-1,-1,No Error,,-1
10467,2024-04-24,500,-1,-1,No Error,,-1
11600,2024-04-24,500,-1,-1,No Error,,-1
10236,2024-04-24,500,-1,-1,No Error,,-1
10237,2024-04-24,500,-1,-1,No Error,,-1
10506,2024-04-24,500,-1,-1,No Error,,-1
10239,2024-04-24,500,-1,-1,No Error,,-1
10240,2024-04-24,500,-1,-1,No Error,,-1
10060,2024-04-24,500,-1,-1,No Error,,-1
10242,2024-04-24,500,-1,-1,No Error,,-1
10243,2024-04-24,500,-1,-1,No Error,,-1
10244,2024-04-24,500,-1,-1,No Error,,-1
10245,2024-04-24,500,-1,-1,No Error,,-1
10246,2024-04-24,500,-1,-1,No Error,,-1
10948,2024-04-24,500,-1,-1,No Error,,-1
11980,2024-04-24,500,-1,-1,No Error,,-1
10249,2024-04-24,500,-1,-1,No Error,,-1
10915,2024-04-24,500,-1,-1,No Error,,-1
10251,2024-04-24,500,-1,-1,No Error,,-1
10252,2024-04-24,500,-1,-1,No Error,,-1
11612,2024-04-24,500,-1,-1,No Error,,-1
10254,2024-04-24,500,-1,-1,No Error,,-1
10255,2024-04-24,500,-1,-1,No Error,,-1
10256,2024-04-24,500,-1,-1,No Error,,-1
10257,2024-04-24,500,-1,-1,No Error,,-1
11041,2024-04-24,500,-1,-1,No Error,,-1
10259,2024-04-24,500,-1,-1,No Error,,-1
10281,2024-04-24,500,-1,-1,No Error,,-1
10261,2024-04-24,500,-1,-1,No Error,,-1
11769,2024-04-24,500,-1,-1,No Error,,-1
10263,2024-04-24,500,-1,-1,No Error,,-1
11367,2024-04-24,500,-1,-1,No Error,,-1
10265,2024-04-24,500,-1,-1,No Error,,-1
10812,2024-04-24,500,-1,-1,No Error,,-1
11934,2024-04-24,500,-1,-1,No Error,,-1
10268,2024-04-24,500,-1,-1,No Error,,-1
10269,2024-04-24,500,-1,-1,No Error,,-1
10270,2024-04-24,500,-1,-1,No Error,,-1
10271,2024-04-24,500,-1,-1,No Error,,-1
10272,2024-04-24,500,-1,-1,No Error,,-1
10273,2024-04-24,500,-1,-1,No Error,,-1
10274,2024-04-24,500,-1,-1,No Error,,-1
10275,2024-04-24,500,-1,-1,No Error,,-1
10702,2024-04-24,500,-1,-1,No Error,,-1
10299,2024-04-24,500,-1,-1,No Error,,-1
11184,2024-04-24,500,-1,-1,No Error,,-1
10279,2024-04-24,500,-1,-1,No Error,,-1
10280,2024-04-24,500,-1,-1,No Error,,-1
10333,2024-04-24,500,-1,-1,No Error,,-1
10777,2024-04-24,500,-1,-1,No Error,,-1
10283,2024-04-24,500,-1,-1,No Error,,-1
10284,2024-04-24,500,-1,-1,No Error,,-1
10285,2024-04-24,500,-1,-1,No Error,,-1
10286,2024-04-24,500,-1,-1,No Error,,-1
10287,2024-04-24,500,-1,-1,No Error,,-1
10288,2024-04-24,500,-1,-1,No Error,,-1
10289,2024-04-24,500,-1,-1,No Error,,-1
11929,2024-04-24,500,-1,-1,No Error,,-1
10291,2024-04-24,500,-1,-1,No Error,,-1
10292,2024-04-24,500,-1,-1,No Error,,-1
11628,2024-04-24,500,-1,-1,No Error,,-1
10503,2024-04-24,500,-1,-1,No Error,,-1
11031,2024-04-24,500,-1,-1,No Error,,-1
10296,2024-04-24,500,-1,-1,No Error,,-1
10297,2024-04-24,500,-1,-1,No Error,,-1
10298,2024-04-24,500,-1,-1,No Error,,-1
11805,2024-04-24,500,-1,-1,No Error,,-1
10300,2024-04-24,500,-1,-1,No Error,,-1
11998,2024-04-24,500,-1,-1,No Error,,-1
11364,2024-04-24,500,-1,-1,No Error,,-1
10303,2024-04-24,500,-1,-1,No Error,,-1
10304,2024-04-24,500,-1,-1,No Error,,-1
10773,2024-04-24,500,-1,-1,No Error,,-1
11006,2024-04-24,500,-1,-1,No Error,,-1
11519,2024-04-24,500,-1,-1,No Error,,-1
11274,2024-04-24,500,-1,-1,No Error,,-1
10309,2024-04-24,500,-1,-1,No Error,,-1
11603,2024-04-24,500,-1,-1,No Error,,-1
10311,2024-04-24,500,-1,-1,No Error,,-1
11654,2024-04-24,500,-1,-1,No Error,,-1
10039,2024-04-24,500,-1,-1,No Error,,-1
10314,2024-04-24,500,-1,-1,No Error,,-1
10315,2024-04-24,500,-1,-1,No Error,,-1
10316,2024-04-24,500,-1,-1,No Error,,-1
10317,2024-04-24,500,-1,-1,No Error,,-1
10318,2024-04-24,500,-1,-1,No Error,,-1
11305,2024-04-24,500,-1,-1,No Error,,-1
10320,2024-04-24,500,-1,-1,No Error,,-1
10321,2024-04-24,500,-1,-1,No Error,,-1
10322,2024-04-24,500,-1,-1,No Error,,-1
10323,2024-04-24,500,-1,-1,No Error,,-1
11819,2024-04-24,500,-1,-1,No Error,,-1
10325,2024-04-24,500,-1,-1,No Error,,-1
10533,2024-04-24,500,-1,-1,No Error,,-1
10327,2024-04-24,500,-1,-1,No Error,,-1
11194,2024-04-24,500,-1,-1,No Error,,-1
10329,2024-04-24,500,-1,-1,No Error,,-1
10330,2024-04-24,500,-1,-1,No Error,,-1
11262,2024-04-24,500,-1,-1,No Error,,-1
10471,2024-04-24,500,-1,-1,No Error,,-1
10542,2024-04-24,500,-1,-1,No Error,,-1
10554,2024-04-24,500,-1,-1,No Error,,-1
10984,2024-04-24,500,-1,-1,No Error,,-1
10862,2024-04-24,500,-1,-1,No Error,,-1
10337,2024-04-24,500,-1,-1,No Error,,-1
10161,2024-04-24,500,-1,-1,No Error,,-1
10166,2024-04-24,500,-1,-1,No Error,,-1
10340,2024-04-24,500,-1,-1,No Error,,-1
10341,2024-04-24,500,-1,-1,No Error,,-1
10799,2024-04-24,500,-1,-1,No Error,,-1
10883,2024-04-24,500,-1,-1,No Error,,-1
10470,2024-04-24,500,-1,-1,No Error,,-1
10345,2024-04-24,500,-1,-1,No Error,,-1
10346,2024-04-24,500,-1,-1,No Error,,-1
10347,2024-04-24,500,-1,-1,No Error,,-1
10348,2024-04-24,500,-1,-1,No Error,,-1
10349,2024-04-24,500,-1,-1,No Error,,-1
11255,2024-04-24,500,-1,-1,No Error,,-1
10066,2024-04-24,500,-1,-1,No Error,,-1
10352,2024-04-24,500,-1,-1,No Error,,-1
11615,2024-04-24,500,-1,-1,No Error,,-1
10354,2024-04-24,500,-1,-1,No Error,,-1
10355,2024-04-24,500,-1,-1,No Error,,-1
10356,2024-04-24,500,-1,-1,No Error,,-1
10357,2024-04-24,500,-1,-1,No Error,,-1
11937,2024-04-24,500,-1,-1,No Error,,-1
11311,2024-04-24,500,-1,-1,No Error,,-1
10360,2024-04-24,500,-1,-1,No Error,,-1
10361,2024-04-24,500,-1,-1,No Error,,-1
11047,2024-04-24,500,-1,-1,No Error,,-1
11639,2024-04-24,500,-1,-1,No Error,,-1
10364,2024-04-24,500,-1,-1,No Error,,-1
10365,2024-04-24,500,-1,-1,No Error,,-1
10366,2024-04-24,500,-1,-1,No Error,,-1
11866,2024-04-24,500,-1,-1,No Error,,-1
10368,2024-04-24,500,-1,-1,No Error,,-1
10867,2024-04-24,500,-1,-1,No Error,,-1
10370,2024-04-24,500,-1,-1,No Error,,-1
10371,2024-04-24,500,-1,-1,No Error,,-1
11536,2024-04-24,500,-1,-1,No Error,,-1
10373,2024-04-24,500,-1,-1,No Error,,-1
10374,2024-04-24,500,-1,-1,No Error,,-1
10067,2024-04-24,500,-1,-1,No Error,,-1
10093,2024-04-24,500,-1,-1,No Error,,-1
10377,2024-04-24,500,-1,-1,No Error,,-1
11250,2024-04-24,500,-1,-1,No Error,,-1
10379,2024-04-24,500,-1,-1,No Error,,-1
10380,2024-04-24,500,-1,-1,No Error,,-1
10381,2024-04-24,500,-1,-1,No Error,,-1
10033,2024-04-24,500,-1,-1,No Error,,-1
10383,2024-04-24,500,-1,-1,No Error,,-1
11343,2024-04-24,500,-1,-1,No Error,,-1
10576,2024-04-24,500,-1,-1,No Error,,-1
10386,2024-04-24,500,-1,-1,No Error,,-1
10387,2024-04-24,500,-1,-1,No Error,,-1
10388,2024-04-24,500,-1,-1,No Error,,-1
11815,2024-04-24,500,-1,-1,No Error,,-1
10390,2024-04-24,500,-1,-1,No Error,,-1
10391,2024-04-24,500,-1,-1,No Error,,-1
10392,2024-04-24,500,-1,-1,No Error,,-1
10393,2024-04-24,500,-1,-1,No Error,,-1
10394,2024-04-24,500,-1,-1,No Error,,-1
10395,2024-04-24,500,-1,-1,No Error,,-1
10396,2024-04-24,500,-1,-1,No Error,,-1
10397,2024-04-24,500,-1,-1,No Error,,-1
10398,2024-04-24,500,-1,-1,No Error,,-1
10911,2024-04-24,500,-1,-1,No Error,,-1
10400,2024-04-24,500,-1,-1,No Error,,-1
10401,2024-04-24,500,-1,-1,No Error,,-1
10402,2024-04-24,500,-1,-1,Webiste Does Not Quote For This House/ Person: SumInsured Column: Value Too Large,"61 Hartley Terrace, Massey, Auckland 0614",-1
10260,2024-04-24,500,-1,-1,"Webiste Does Not Quote For This House/ Person, Issue With NumberOfStories Column",,-1
10404,2024-04-24,500,183.86,2065.79,No Error,"20 Wayne Francis Drive, East Tamaki, Auckland 2016",-1
10405,2024-04-24,500,-1,-1,Webiste Does Not Quote For This House/ Person: SumInsured Column: Value Too Large,"18 Vida Place, Howick, Auckland 2014",-1
10248,2024-04-24,500,-1,-1,Webiste Does Not Quote For This House/ Person: Issue With 'The Address of the House' (Want you to call in),,-1
10604,2024-04-24,500,-1,-1,Webiste Does Not Quote For This House/ Person: Issue With 'The Address of the House' (They think it is a part of a body corporate (can call in to dispute)),"185 Harvard Lane, Ardmore 2582",-1
10408,2024-04-24,500,-1,-1,Webiste Does Not Quote For This House/ Person: SumInsured Column: Value Too Large,"36 Camp Street, Silverstream, Upper Hutt 5019",-1
10409,2024-04-24,500,-1,-1,Webiste Does Not Quote For This House/ Person: Issue With 'The Address of the House' (They think it is a part of a body corporate (can call in to dispute)),"118 Douglas Street, Whakatane 3120",-1
10410,2024-04-24,500,-1,-1,Webiste Does Not Quote For This House/ Person: Issue With 'The Address of the House' (They think it is a part of a body corporate (can call in to dispute)),"37 Eivers Road, Whakatane 3120",-1
10411,2024-04-24,500,-1,-1,"Webiste Does Not Quote For This House/ Person, Issue With 'Insurance Refused In Last 7 Years' Column",,-1
10845,2024-04-24,500,397.7,4437.07,No Error,"2 Mace Lane, Arrowtown 9302",-1
10413,2024-04-24,500,-1,-1,Webiste Does Not Quote For This House/ Person: Issue With 'The Address of the House' (They think it is a part of a body corporate (can call in to dispute)),"66 Whareora Road, Tikipunga, Whangarei 0112",-1
10414,2024-04-24,500,-1,-1,"Webiste Does Not Quote For This House/ Person, Issue With Type_incident Column",,-1
10219,2024-04-24,500,-1,-1,Webiste Does Not Quote For This House/ Person: SumInsured Column: Value Too Large,"11 Birchgate Lane, Halswell, Christchurch 8025",-1
10416,2024-04-24,500,-1,-1,Webiste Does Not Quote For This House/ Person: SumInsured Column: Value Too Large,"39A Armein Road, Panmure, Auckland 1072",-1
10417,2024-04-24,500,-1,-1,Webiste Does Not Quote For This House/ Person: SumInsured Column: Value Too Large,"22 Hollyford Drive, Clover Park, Auckland 2105",-1
10418,2024-04-24,500,96.99,1100.12,No Error,"8 Admiralty Rise, Gulf Harbour, Whangaparaoa 0930",-1
10419,2024-04-24,500,170.93,1906.72,No Error,"22 Griffiths Street, Putaruru 3411",-1
10420,2024-04-24,500,212.02,2402.68,No Error,"152 Bealey Street, Hokitika 7810",-1
11594,2024-04-24,500,684.26,7778.24,No Error,"11 Birchgate Lane, Halswell, Christchurch 8025",-1
10353,2024-04-24,500,284.7,3159.84,No Error,"15 Clarks Lane, Hobsonville, Auckland 0618",-1
10324,2024-04-24,500,229.86,2567.48,No Error,"33 Levley Lane, Katikati 3129",-1
10424,2024-04-24,500,165.61,1860.07,No Error,"61 Pooks Road, Ranui, Auckland 0612",-1
10425,2024-04-24,500,617.14,6939.72,No Error,"Flat 1, 5 Resolution Place, Bryndwr, Christchurch 8053",-1
10426,2024-04-24,500,-1,-1,Invalid Input Data Error: BusinessUser Column,,-1
10427,2024-04-24,500,505.36,5570.28,No Error,"1293A Ararimu Road, Ararimu 2579",-1
10428,2024-04-24,500,204.93,2299.32,No Error,"22 Saddleback Grove, Karori, Wellington 6012",-1
10429,2024-04-24,500,286.76,3183.79,No Error,"50 McCulloch Road, Panmure, Auckland 1072",-1
10430,2024-04-24,500,177.07,1984.98,No Error,"155 Luckens Road, West Harbour, Auckland 0618",-1
10431,2024-04-24,500,351.48,3895.67,No Error,"Flat 1, 79 Glendale Road, Glen Eden, Auckland 0602",-1
10887,2024-04-24,500,-1,-1,Webiste Does Not Quote For This House/ Person: Due to HazardRisk Column,"42 Melody Lane, Mangonui 0420",-1
10433,2024-04-24,500,305.56,3398.11,No Error,"8 Eversley Terrace, Richmond 7020",-1
10434,2024-04-24,500,113.4,1291.69,No Error,"23 Alexander Crescent, Otara, Auckland 2023",-1
10743,2024-04-24,500,215.93,2410.63,No Error,"14A Convoy Lane, Otahuhu, Auckland 1062",-1
10436,2024-04-24,500,180.95,2029.95,No Error,"16 Caragh Place, East Tamaki, Auckland 2016",-1
10437,2024-04-24,500,753.63,8820.48,No Error,"1019A Reka Street, Akina, Hastings 4122",-1
10438,2024-04-24,500,-1,-1,Webiste Does Not Quote For This House/ Person: SumInsured Column: Value Too Large,"10A Tomkins Street, Green Island, Dunedin 9018",-1
10439,2024-04-24,500,-1,-1,Invalid Input Data Error: BusinessUser Column,,-1
10440,2024-04-24,500,-1,-1,Webiste Does Not Quote For This House/ Person: SumInsured Column: Value Too Large,"5 Fifeshire Street, Belmont, Auckland 0622",-1
10441,2024-04-24,500,-1,-1,Webiste Does Not Quote For This House/ Person: SumInsured Column: Value Too Large,"92 Main Highway, Ellerslie, Auckland 1051",-1
10442,2024-04-24,500,-1,-1,Webiste Does Not Quote For This House/ Person: SumInsured Column: Value Too Large,"5 Cairnmuir Crescent, Cromwell 9310",-1
10757,2024-04-24,500,161.02,1809.01,No Error,"1A Hillside Lane, Tairua 3508",-1
10444,2024-04-24,500,-1,-1,Webiste Does Not Quote For This House/ Person: SumInsured Column: Value Too Large,"331 Ythan Street, Appleby, Invercargill 9812",-1
10047,2024-04-24,500,176.21,1975.63,No Error,"14 Moho Lane, Takanini 2112",-1
10446,2024-04-24,500,-1,-1,Webiste Does Not Quote For This House/ Person: SumInsured Column: Value Too Large,"2 Kakariki Avenue, Mount Eden, Auckland 1024",-1
11029,2024-04-24,500,-1,-1,Webiste Does Not Quote For This House/ Person: SumInsured Column: Value Too Large,"Flat 1, 4 Shamrock Lane, Te Atatu Peninsula, Auckland 0610",-1
10448,2024-04-24,500,333.74,3695.42,No Error,"10 Robyn Place, Dinsdale, Hamilton 3204",-1
11302,2024-04-24,500,84.4,962.79,No Error,"3 Trevathan Lane, Wanaka 9305",-1
10450,2024-04-24,500,-1,-1,Unknown Error: 'More info required!' pop up appeared,"25 Mervan Street, Mangere East, Auckland 2024",-1
10451,2024-04-24,500,320.59,3558.4,No Error,"42 Citrus Avenue, Waihi Beach 3611",-1
10452,2024-04-24,500,-1,-1,No Error,,-1
10106,2024-04-24,500,-1,-1,No Error,,-1
10454,2024-04-24,500,-1,-1,No Error,,-1
10455,2024-04-24,500,-1,-1,No Error,,-1
10526,2024-04-24,500,-1,-1,No Error,,-1
10457,2024-04-24,500,-1,-1,No Error,,-1
10505,2024-04-24,500,-1,-1,No Error,,-1
10459,2024-04-24,500,-1,-1,No Error,,-1
11872,2024-04-24,500,-1,-1,No Error,,-1
10461,2024-04-24,500,-1,-1,No Error,,-1
10758,2024-04-24,500,-1,-1,No Error,,-1
10463,2024-04-24,500,-1,-1,No Error,,-1
11884,2024-04-24,500,-1,-1,No Error,,-1
10465,2024-04-24,500,-1,-1,No Error,,-1
10466,2024-04-24,500,-1,-1,No Error,,-1
10403,2024-04-24,500,-1,-1,No Error,,-1
10421,2024-04-24,500,-1,-1,No Error,,-1
10469,2024-04-24,500,-1,-1,No Error,,-1
10175,2024-04-24,500,-1,-1,No Error,,-1
10934,2024-04-24,500,-1,-1,No Error,,-1
10472,2024-04-24,500,-1,-1,No Error,,-1
10473,2024-04-24,500,-1,-1,No Error,,-1
10474,2024-04-24,500,-1,-1,No Error,,-1
10475,2024-04-24,500,-1,-1,No Error,,-1
11434,2024-04-24,500,-1,-1,No Error,,-1
11493,2024-04-24,500,-1,-1,No Error,,-1
11856,2024-04-24,500,-1,-1,No Error,,-1
10816,2024-04-24,500,-1,-1,No Error,,-1
10480,2024-04-24,500,-1,-1,No Error,,-1
10481,2024-04-24,500,-1,-1,No Error,,-1
10482,2024-04-24,500,-1,-1,No Error,,-1
10483,2024-04-24,500,-1,-1,No Error,,-1
10484,2024-04-24,500,-1,-1,No Error,,-1
10485,2024-04-24,500,-1,-1,No Error,,-1
10258,2024-04-24,500,-1,-1,No Error,,-1
10931,2024-04-24,500,-1,-1,No Error,,-1
10488,2024-04-24,500,-1,-1,No Error,,-1
11996,2024-04-24,500,-1,-1,No Error,,-1
10658,2024-04-24,500,-1,-1,No Error,,-1
10491,2024-04-24,500,-1,-1,No Error,,-1
10492,2024-04-24,500,-1,-1,No Error,,-1
11918,2024-04-24,500,-1,-1,No Error,,-1
10494,2024-04-24,500,-1,-1,No Error,,-1
10945,2024-04-24,500,-1,-1,No Error,,-1
10496,2024-04-24,500,-1,-1,No Error,,-1
10497,2024-04-24,500,-1,-1,No Error,,-1
10498,2024-04-24,500,-1,-1,No Error,,-1
10499,2024-04-24,500,-1,-1,No Error,,-1
10500,2024-04-24,500,-1,-1,No Error,,-1
11257,2024-04-24,500,-1,-1,No Error,,-1
10502,2024-04-24,500,-1,-1,No Error,,-1
11293,2024-04-24,500,-1,-1,No Error,,-1
10504,2024-04-24,500,-1,-1,No Error,,-1
11595,2024-04-24,500,-1,-1,No Error,,-1
11529,2024-04-24,500,-1,-1,No Error,,-1
10507,2024-04-24,500,-1,-1,No Error,,-1
10508,2024-04-24,500,-1,-1,No Error,,-1
10331,2024-04-24,500,-1,-1,No Error,,-1
11087,2024-04-24,500,-1,-1,No Error,,-1
10511,2024-04-24,500,-1,-1,No Error,,-1
10512,2024-04-24,500,-1,-1,No Error,,-1
10513,2024-04-24,500,-1,-1,No Error,,-1
10514,2024-04-24,500,-1,-1,No Error,,-1
11097,2024-04-24,500,-1,-1,No Error,,-1
10516,2024-04-24,500,-1,-1,No Error,,-1
10517,2024-04-24,500,-1,-1,No Error,,-1
10959,2024-04-24,500,-1,-1,No Error,,-1
10519,2024-04-24,500,-1,-1,No Error,,-1
10520,2024-04-24,500,-1,-1,No Error,,-1
10521,2024-04-24,500,-1,-1,No Error,,-1
10204,2024-04-24,500,-1,-1,No Error,,-1
10159,2024-04-24,500,-1,-1,No Error,,-1
10896,2024-04-24,500,-1,-1,No Error,,-1
10525,2024-04-24,500,-1,-1,No Error,,-1
10170,2024-04-24,500,-1,-1,No Error,,-1
10527,2024-04-24,500,-1,-1,No Error,,-1
10528,2024-04-24,500,-1,-1,No Error,,-1
11966,2024-04-24,500,-1,-1,No Error,,-1
10362,2024-04-24,500,-1,-1,No Error,,-1
10531,2024-04-24,500,-1,-1,No Error,,-1
10532,2024-04-24,500,-1,-1,No Error,,-1
10490,2024-04-24,500,-1,-1,No Error,,-1
10534,2024-04-24,500,-1,-1,No Error,,-1
10339,2024-04-24,500,-1,-1,No Error,,-1
10536,2024-04-24,500,-1,-1,No Error,,-1
10537,2024-04-24,500,-1,-1,No Error,,-1
10538,2024-04-24,500,-1,-1,No Error,,-1
10539,2024-04-24,500,-1,-1,No Error,,-1
10540,2024-04-24,500,-1,-1,No Error,,-1
10541,2024-04-24,500,-1,-1,No Error,,-1
11507,2024-04-24,500,-1,-1,No Error,,-1
10168,2024-04-24,500,-1,-1,No Error,,-1
11832,2024-04-24,500,-1,-1,No Error,,-1
10545,2024-04-24,500,-1,-1,No Error,,-1
10546,2024-04-24,500,-1,-1,No Error,,-1
10547,2024-04-24,500,-1,-1,No Error,,-1
10548,2024-04-24,500,-1,-1,No Error,,-1
10549,2024-04-24,500,-1,-1,No Error,,-1
10550,2024-04-24,500,-1,-1,No Error,,-1
10551,2024-04-24,500,-1,-1,No Error,,-1
11414,2024-04-24,500,-1,-1,No Error,,-1
10553,2024-04-24,500,-1,-1,No Error,,-1
10215,2024-04-24,500,-1,-1,No Error,,-1
10555,2024-04-24,500,-1,-1,No Error,,-1
10556,2024-04-24,500,-1,-1,No Error,,-1
10557,2024-04-24,500,-1,-1,No Error,,-1
10558,2024-04-24,500,-1,-1,No Error,,-1
11261,2024-04-24,500,-1,-1,No Error,,-1
10560,2024-04-24,500,-1,-1,No Error,,-1
10561,2024-04-24,500,-1,-1,No Error,,-1
11912,2024-04-24,500,-1,-1,No Error,,-1
10563,2024-04-24,500,-1,-1,No Error,,-1
10564,2024-04-24,500,-1,-1,No Error,,-1
11494,2024-04-24,500,-1,-1,No Error,,-1
10566,2024-04-24,500,-1,-1,No Error,,-1
11752,2024-04-24,500,-1,-1,No Error,,-1
10568,2024-04-24,500,-1,-1,No Error,,-1
10569,2024-04-24,500,-1,-1,No Error,,-1
10570,2024-04-24,500,-1,-1,No Error,,-1
10571,2024-04-24,500,-1,-1,No Error,,-1
11254,2024-04-24,500,-1,-1,No Error,,-1
10573,2024-04-24,500,-1,-1,No Error,,-1
10574,2024-04-24,500,-1,-1,No Error,,-1
10575,2024-04-24,500,-1,-1,No Error,,-1
10478,2024-04-24,500,-1,-1,No Error,,-1
10577,2024-04-24,500,-1,-1,No Error,,-1
10578,2024-04-24,500,-1,-1,No Error,,-1
10035,2024-04-24,500,-1,-1,No Error,,-1
10580,2024-04-24,500,-1,-1,No Error,,-1
10581,2024-04-24,500,-1,-1,No Error,,-1
10582,2024-04-24,500,-1,-1,No Error,,-1
10583,2024-04-24,500,-1,-1,No Error,,-1
10584,2024-04-24,500,-1,-1,No Error,,-1
10585,2024-04-24,500,-1,-1,No Error,,-1
10586,2024-04-24,500,-1,-1,No Error,,-1
10587,2024-04-24,500,-1,-1,No Error,,-1
10588,2024-04-24,500,-1,-1,No Error,,-1
10589,2024-04-24,500,-1,-1,No Error,,-1
10590,2024-04-24,500,-1,-1,No Error,,-1
10591,2024-04-24,500,-1,-1,No Error,,-1
10592,2024-04-24,500,-1,-1,No Error,,-1
10593,2024-04-24,500,-1,-1,No Error,,-1
10594,2024-04-24,500,-1,-1,No Error,,-1
10595,2024-04-24,500,-1,-1,No Error,,-1
10596,2024-04-24,500,-1,-1,No Error,,-1
10597,2024-04-24,500,-1,-1,No Error,,-1
10598,2024-04-24,500,-1,-1,No Error,,-1
10302,2024-04-24,500,-1,-1,No Error,,-1
10600,2024-04-24,500,-1,-1,No Error,,-1
10601,2024-04-24,500,-1,-1,No Error,,-1
10602,2024-04-24,500,-1,-1,No Error,,-1
10603,2024-04-24,500,-1,-1,No Error,,-1
10369,2024-04-24,500,-1,-1,No Error,,-1
10605,2024-04-24,500,-1,-1,No Error,,-1
10307,2024-04-24,500,-1,-1,No Error,,-1
10607,2024-04-24,500,-1,-1,No Error,,-1
11629,2024-04-24,500,-1,-1,No Error,,-1
10609,2024-04-24,500,-1,-1,No Error,,-1
10610,2024-04-24,500,-1,-1,No Error,,-1
10611,2024-04-24,500,-1,-1,No Error,,-1
10612,2024-04-24,500,-1,-1,No Error,,-1
10312,2024-04-24,500,-1,-1,No Error,,-1
10614,2024-04-24,500,-1,-1,No Error,,-1
10615,2024-04-24,500,-1,-1,No Error,,-1
10616,2024-04-24,500,-1,-1,No Error,,-1
10617,2024-04-24,500,-1,-1,No Error,,-1
10618,2024-04-24,500,-1,-1,No Error,,-1
10619,2024-04-24,500,-1,-1,No Error,,-1
10620,2024-04-24,500,-1,-1,No Error,,-1
10621,2024-04-24,500,-1,-1,No Error,,-1
11861,2024-04-24,500,-1,-1,No Error,,-1
10623,2024-04-24,500,-1,-1,No Error,,-1
11385,2024-04-24,500,-1,-1,No Error,,-1
10625,2024-04-24,500,-1,-1,No Error,,-1
11252,2024-04-24,500,-1,-1,No Error,,-1
11492,2024-04-24,500,-1,-1,No Error,,-1
10628,2024-04-24,500,-1,-1,No Error,,-1
10629,2024-04-24,500,-1,-1,No Error,,-1
10630,2024-04-24,500,-1,-1,No Error,,-1
10631,2024-04-24,500,-1,-1,No Error,,-1
11638,2024-04-24,500,-1,-1,No Error,,-1
10633,2024-04-24,500,-1,-1,No Error,,-1
10634,2024-04-24,500,-1,-1,No Error,,-1
10635,2024-04-24,500,-1,-1,No Error,,-1
10636,2024-04-24,500,-1,-1,No Error,,-1
10637,2024-04-24,500,-1,-1,No Error,,-1
10638,2024-04-24,500,-1,-1,No Error,,-1
10639,2024-04-24,500,-1,-1,No Error,,-1
10640,2024-04-24,500,-1,-1,No Error,,-1
10641,2024-04-24,500,-1,-1,No Error,,-1
10510,2024-04-24,500,-1,-1,No Error,,-1
10643,2024-04-24,500,-1,-1,No Error,,-1
10644,2024-04-24,500,-1,-1,No Error,,-1
10645,2024-04-24,500,-1,-1,No Error,,-1
10646,2024-04-24,500,-1,-1,No Error,,-1
10647,2024-04-24,500,-1,-1,No Error,,-1
10648,2024-04-24,500,-1,-1,No Error,,-1
10649,2024-04-24,500,-1,-1,No Error,,-1
10650,2024-04-24,500,-1,-1,No Error,,-1
11579,2024-04-24,500,-1,-1,No Error,,-1
10652,2024-04-24,500,-1,-1,No Error,,-1
11001,2024-04-24,500,-1,-1,No Error,,-1
10654,2024-04-24,500,-1,-1,No Error,,-1
10655,2024-04-24,500,-1,-1,No Error,,-1
10656,2024-04-24,500,-1,-1,No Error,,-1
10657,2024-04-24,500,-1,-1,No Error,,-1
11035,2024-04-24,500,-1,-1,No Error,,-1
10659,2024-04-24,500,-1,-1,No Error,,-1
10660,2024-04-24,500,-1,-1,No Error,,-1
10661,2024-04-24,500,-1,-1,No Error,,-1
10766,2024-04-24,500,-1,-1,No Error,,-1
10663,2024-04-24,500,-1,-1,No Error,,-1
10664,2024-04-24,500,-1,-1,No Error,,-1
10019,2024-04-24,500,-1,-1,No Error,,-1
10666,2024-04-24,500,-1,-1,No Error,,-1
10399,2024-04-24,500,-1,-1,No Error,,-1
10668,2024-04-24,500,-1,-1,No Error,,-1
10194,2024-04-24,500,-1,-1,No Error,,-1
10670,2024-04-24,500,-1,-1,No Error,,-1
10671,2024-04-24,500,-1,-1,No Error,,-1
10672,2024-04-24,500,-1,-1,No Error,,-1
10673,2024-04-24,500,-1,-1,No Error,,-1
11533,2024-04-24,500,-1,-1,No Error,,-1
10235,2024-04-24,500,-1,-1,No Error,,-1
10676,2024-04-24,500,-1,-1,No Error,,-1
10677,2024-04-24,500,-1,-1,No Error,,-1
10678,2024-04-24,500,-1,-1,No Error,,-1
10679,2024-04-24,500,-1,-1,No Error,,-1
10680,2024-04-24,500,-1,-1,No Error,,-1
10681,2024-04-24,500,-1,-1,No Error,,-1
10682,2024-04-24,500,-1,-1,No Error,,-1
10683,2024-04-24,500,-1,-1,No Error,,-1
10684,2024-04-24,500,-1,-1,No Error,,-1
10685,2024-04-24,500,-1,-1,No Error,,-1
10686,2024-04-24,500,-1,-1,No Error,,-1
10687,2024-04-24,500,-1,-1,No Error,,-1
10688,2024-04-24,500,-1,-1,No Error,,-1
10689,2024-04-24,500,-1,-1,No Error,,-1
10690,2024-04-24,500,-1,-1,No Error,,-1
10264,2024-04-24,500,-1,-1,No Error,,-1
10692,2024-04-24,500,-1,-1,No Error,,-1
10693,2024-04-24,500,-1,-1,No Error,,-1
10694,2024-04-24,500,-1,-1,No Error,,-1
10695,2024-04-24,500,-1,-1,No Error,,-1
10696,2024-04-24,500,-1,-1,No Error,,-1
10697,2024-04-24,500,-1,-1,No Error,,-1
10698,2024-04-24,500,-1,-1,No Error,,-1
10699,2024-04-24,500,-1,-1,No Error,,-1
10700,2024-04-24,500,-1,-1,No Error,,-1
10278,2024-04-24,500,-1,-1,No Error,,-1
11415,2024-04-24,500,-1,-1,No Error,,-1
10422,2024-04-24,500,-1,-1,No Error,,-1
10704,2024-04-24,500,-1,-1,No Error,,-1
11419,2024-04-24,500,-1,-1,No Error,,-1
10706,2024-04-24,500,-1,-1,No Error,,-1
10707,2024-04-24,500,-1,-1,No Error,,-1
10708,2024-04-24,500,-1,-1,No Error,,-1
11045,2024-04-24,500,-1,-1,No Error,,-1
10710,2024-04-24,500,-1,-1,No Error,,-1
10711,2024-04-24,500,-1,-1,No Error,,-1
11708,2024-04-24,500,-1,-1,No Error,,-1
10713,2024-04-24,500,-1,-1,No Error,,-1
10714,2024-04-24,500,-1,-1,No Error,,-1
11712,2024-04-24,500,-1,-1,No Error,,-1
10716,2024-04-24,500,-1,-1,No Error,,-1
10717,2024-04-24,500,-1,-1,No Error,,-1
10718,2024-04-24,500,-1,-1,No Error,,-1
10719,2024-04-24,500,-1,-1,No Error,,-1
10720,2024-04-24,500,-1,-1,No Error,,-1
10335,2024-04-24,500,-1,-1,No Error,,-1
10722,2024-04-24,500,-1,-1,No Error,,-1
10723,2024-04-24,500,-1,-1,No Error,,-1
10724,2024-04-24,500,-1,-1,No Error,,-1
10725,2024-04-24,500,-1,-1,No Error,,-1
10726,2024-04-24,500,-1,-1,No Error,,-1
10727,2024-04-24,500,-1,-1,No Error,,-1
10728,2024-04-24,500,-1,-1,No Error,,-1
10729,2024-04-24,500,-1,-1,No Error,,-1
10730,2024-04-24,500,-1,-1,No Error,,-1
11348,2024-04-24,500,-1,-1,No Error,,-1
10732,2024-04-24,500,-1,-1,No Error,,-1
10038,2024-04-24,500,-1,-1,No Error,,-1
10734,2024-04-24,500,-1,-1,No Error,,-1
10735,2024-04-24,500,-1,-1,No Error,,-1
10114,2024-04-24,500,-1,-1,No Error,,-1
10376,2024-04-24,500,-1,-1,No Error,,-1
11813,2024-04-24,500,-1,-1,No Error,,-1
10832,2024-04-24,500,-1,-1,No Error,,-1
10740,2024-04-24,500,-1,-1,No Error,,-1
10741,2024-04-24,500,-1,-1,No Error,,-1
10742,2024-04-24,500,-1,-1,No Error,,-1
11673,2024-04-24,500,-1,-1,No Error,,-1
10744,2024-04-24,500,-1,-1,No Error,,-1
10745,2024-04-24,500,-1,-1,No Error,,-1
10746,2024-04-24,500,-1,-1,No Error,,-1
10747,2024-04-24,500,-1,-1,No Error,,-1
10748,2024-04-24,500,-1,-1,No Error,,-1
10749,2024-04-24,500,-1,-1,No Error,,-1
10435,2024-04-24,500,-1,-1,No Error,,-1
10751,2024-04-24,500,-1,-1,No Error,,-1
10807,2024-04-24,500,-1,-1,No Error,,-1
10753,2024-04-24,500,-1,-1,No Error,,-1
10754,2024-04-24,500,-1,-1,No Error,,-1
10755,2024-04-24,500,-1,-1,No Error,,-1
10756,2024-04-24,500,-1,-1,No Error,,-1
10086,2024-04-24,500,-1,-1,No Error,,-1
11585,2024-04-24,500,-1,-1,No Error,,-1
10759,2024-04-24,500,-1,-1,No Error,,-1
10760,2024-04-24,500,-1,-1,No Error,,-1
10761,2024-04-24,500,-1,-1,No Error,,-1
10762,2024-04-24,500,-1,-1,No Error,,-1
10763,2024-04-24,500,-1,-1,No Error,,-1
10764,2024-04-24,500,-1,-1,No Error,,-1
10765,2024-04-24,500,-1,-1,No Error,,-1
11413,2024-04-24,500,-1,-1,No Error,,-1
10767,2024-04-24,500,-1,-1,No Error,,-1
11004,2024-04-24,500,-1,-1,No Error,,-1
11443,2024-04-24,500,-1,-1,No Error,,-1
10770,2024-04-24,500,-1,-1,No Error,,-1
10771,2024-04-24,500,-1,-1,No Error,,-1
10772,2024-04-24,500,-1,-1,No Error,,-1
10359,2024-04-24,500,-1,-1,No Error,,-1
10774,2024-04-24,500,-1,-1,No Error,,-1
10775,2024-04-24,500,-1,-1,No Error,,-1
10776,2024-04-24,500,-1,-1,No Error,,-1
10736,2024-04-24,500,-1,-1,No Error,,-1
10622,2024-04-24,500,-1,-1,No Error,,-1
10779,2024-04-24,500,-1,-1,No Error,,-1
10780,2024-04-24,500,-1,-1,No Error,,-1
10781,2024-04-24,500,-1,-1,No Error,,-1
10782,2024-04-24,500,-1,-1,No Error,,-1
10783,2024-04-24,500,-1,-1,No Error,,-1
10784,2024-04-24,500,-1,-1,No Error,,-1
10785,2024-04-24,500,-1,-1,No Error,,-1
10786,2024-04-24,500,-1,-1,No Error,,-1
10572,2024-04-24,500,-1,-1,No Error,,-1
10788,2024-04-24,500,-1,-1,No Error,,-1
11223,2024-04-24,500,-1,-1,No Error,,-1
10790,2024-04-24,500,-1,-1,No Error,,-1
10154,2024-04-24,500,-1,-1,No Error,,-1
10863,2024-04-24,500,-1,-1,No Error,,-1
10793,2024-04-24,500,-1,-1,No Error,,-1
11300,2024-04-24,500,-1,-1,No Error,,-1
10795,2024-04-24,500,-1,-1,No Error,,-1
10796,2024-04-24,500,-1,-1,No Error,,-1
11550,2024-04-24,500,-1,-1,No Error,,-1
10214,2024-04-24,500,-1,-1,No Error,,-1
10712,2024-04-24,500,-1,-1,No Error,,-1
10800,2024-04-24,500,-1,-1,No Error,,-1
10372,2024-04-24,500,-1,-1,No Error,,-1
10802,2024-04-24,500,-1,-1,No Error,,-1
11217,2024-04-24,500,-1,-1,No Error,,-1
10804,2024-04-24,500,-1,-1,No Error,,-1
10805,2024-04-24,500,-1,-1,No Error,,-1
10806,2024-04-24,500,-1,-1,No Error,,-1
10220,2024-04-24,500,-1,-1,No Error,,-1
11201,2024-04-24,500,-1,-1,No Error,,-1
10149,2024-04-24,500,-1,-1,No Error,,-1
10109,2024-04-24,500,-1,-1,No Error,,-1
10811,2024-04-24,500,-1,-1,No Error,,-1
10198,2024-04-24,500,-1,-1,No Error,,-1
11760,2024-04-24,500,-1,-1,No Error,,-1
10814,2024-04-24,500,-1,-1,No Error,,-1
10815,2024-04-24,500,-1,-1,No Error,,-1
10053,2024-04-24,500,-1,-1,No Error,,-1
10817,2024-04-24,500,-1,-1,No Error,,-1
11843,2024-04-24,500,-1,-1,No Error,,-1
10819,2024-04-24,500,-1,-1,No Error,,-1
10820,2024-04-24,500,-1,-1,No Error,,-1
10363,2024-04-24,500,-1,-1,No Error,,-1
10822,2024-04-24,500,-1,-1,No Error,,-1
10823,2024-04-24,500,-1,-1,No Error,,-1
10824,2024-04-24,500,-1,-1,No Error,,-1
10825,2024-04-24,500,-1,-1,No Error,,-1
10826,2024-04-24,500,-1,-1,No Error,,-1
10827,2024-04-24,500,-1,-1,No Error,,-1
10828,2024-04-24,500,-1,-1,No Error,,-1
10829,2024-04-24,500,-1,-1,No Error,,-1
11811,2024-04-24,500,-1,-1,No Error,,-1
10831,2024-04-24,500,-1,-1,No Error,,-1
10476,2024-04-24,500,-1,-1,No Error,,-1
10110,2024-04-24,500,-1,-1,No Error,,-1
10326,2024-04-24,500,-1,-1,No Error,,-1
11883,2024-04-24,500,-1,-1,No Error,,-1
11722,2024-04-24,500,-1,-1,No Error,,-1
10837,2024-04-24,500,-1,-1,No Error,,-1
10838,2024-04-24,500,-1,-1,No Error,,-1
11032,2024-04-24,500,-1,-1,No Error,,-1
10810,2024-04-24,500,-1,-1,No Error,,-1
11062,2024-04-24,500,-1,-1,No Error,,-1
10842,2024-04-24,500,-1,-1,No Error,,-1
10843,2024-04-24,500,-1,-1,No Error,,-1
10844,2024-04-24,500,-1,-1,No Error,,-1
11263,2024-04-24,500,-1,-1,No Error,,-1
10846,2024-04-24,500,-1,-1,No Error,,-1
10847,2024-04-24,500,-1,-1,No Error,,-1
11551,2024-04-24,500,-1,-1,No Error,,-1
10293,2024-04-24,500,-1,-1,No Error,,-1
10850,2024-04-24,500,-1,-1,No Error,,-1
10216,2024-04-24,500,-1,-1,No Error,,-1
10501,2024-04-24,500,-1,-1,No Error,,-1
11944,2024-04-24,500,-1,-1,No Error,,-1
11116,2024-04-24,500,-1,-1,No Error,,-1
10855,2024-04-24,500,-1,-1,No Error,,-1
11018,2024-04-24,500,-1,-1,No Error,,-1
10857,2024-04-24,500,-1,-1,No Error,,-1
10223,2024-04-24,500,-1,-1,No Error,,-1
10859,2024-04-24,500,-1,-1,No Error,,-1
10752,2024-04-24,500,-1,-1,No Error,,-1
10382,2024-04-24,500,-1,-1,No Error,,-1
10342,2024-04-24,500,-1,-1,No Error,,-1
10608,2024-04-24,500,-1,-1,No Error,,-1
10864,2024-04-24,500,-1,-1,No Error,,-1
10865,2024-04-24,500,-1,-1,No Error,,-1
10866,2024-04-24,500,-1,-1,No Error,,-1
11284,2024-04-24,500,-1,-1,No Error,,-1
10871,2024-04-24,500,-1,-1,No Error,,-1
10869,2024-04-24,500,-1,-1,No Error,,-1
10870,2024-04-24,500,-1,-1,No Error,,-1
11982,2024-04-24,500,-1,-1,No Error,,-1
10872,2024-04-24,500,-1,-1,No Error,,-1
10873,2024-04-24,500,-1,-1,No Error,,-1
10874,2024-04-24,500,-1,-1,No Error,,-1
10875,2024-04-24,500,-1,-1,No Error,,-1
10876,2024-04-24,500,-1,-1,No Error,,-1
10877,2024-04-24,500,-1,-1,No Error,,-1
10878,2024-04-24,500,-1,-1,No Error,,-1
10879,2024-04-24,500,-1,-1,No Error,,-1
10880,2024-04-24,500,-1,-1,No Error,,-1
10881,2024-04-24,500,-1,-1,No Error,,-1
10882,2024-04-24,500,-1,-1,No Error,,-1
10852,2024-04-24,500,-1,-1,No Error,,-1
10884,2024-04-24,500,-1,-1,No Error,,-1
10885,2024-04-24,500,-1,-1,No Error,,-1
10886,2024-04-24,500,-1,-1,No Error,,-1
10606,2024-04-24,500,-1,-1,No Error,,-1
11938,2024-04-24,500,-1,-1,No Error,,-1
10889,2024-04-24,500,-1,-1,No Error,,-1
10890,2024-04-24,500,-1,-1,No Error,,-1
10891,2024-04-24,500,-1,-1,No Error,,-1
10892,2024-04-24,500,-1,-1,No Error,,-1
10893,2024-04-24,500,-1,-1,No Error,,-1
10894,2024-04-24,500,-1,-1,No Error,,-1
10477,2024-04-24,500,-1,-1,No Error,,-1
10384,2024-04-24,500,-1,-1,No Error,,-1
10897,2024-04-24,500,-1,-1,No Error,,-1
10898,2024-04-24,500,-1,-1,No Error,,-1
10899,2024-04-24,500,-1,-1,No Error,,-1
10900,2024-04-24,500,-1,-1,No Error,,-1
10901,2024-04-24,500,-1,-1,No Error,,-1
10902,2024-04-24,500,-1,-1,No Error,,-1
10903,2024-04-24,500,-1,-1,No Error,,-1
10904,2024-04-24,500,-1,-1,No Error,,-1
10905,2024-04-24,500,-1,-1,No Error,,-1
10906,2024-04-24,500,-1,-1,No Error,,-1
10907,2024-04-24,500,-1,-1,No Error,,-1
10266,2024-04-24,500,-1,-1,No Error,,-1
10909,2024-04-24,500,-1,-1,No Error,,-1
10910,2024-04-24,500,-1,-1,No Error,,-1
10447,2024-04-24,500,-1,-1,No Error,,-1
10912,2024-04-24,500,-1,-1,No Error,,-1
10913,2024-04-24,500,-1,-1,No Error,,-1
10914,2024-04-24,500,-1,-1,No Error,,-1
11177,2024-04-24,500,-1,-1,No Error,,-1
10916,2024-04-24,500,-1,-1,No Error,,-1
11707,2024-04-24,500,-1,-1,No Error,,-1
11390,2024-04-24,500,-1,-1,No Error,,-1
10919,2024-04-24,500,-1,-1,No Error,,-1
10920,2024-04-24,500,-1,-1,No Error,,-1
10921,2024-04-24,500,-1,-1,No Error,,-1
10922,2024-04-24,500,-1,-1,No Error,,-1
11696,2024-04-24,500,-1,-1,No Error,,-1
10924,2024-04-24,500,-1,-1,No Error,,-1
10925,2024-04-24,500,-1,-1,No Error,,-1
10926,2024-04-24,500,-1,-1,No Error,,-1
10927,2024-04-24,500,-1,-1,No Error,,-1
11515,2024-04-24,500,-1,-1,No Error,,-1
10929,2024-04-24,500,-1,-1,No Error,,-1
10930,2024-04-24,500,-1,-1,No Error,,-1
11057,2024-04-24,500,-1,-1,No Error,,-1
10932,2024-04-24,500,-1,-1,No Error,,-1
10933,2024-04-24,500,-1,-1,No Error,,-1
11833,2024-04-24,500,-1,-1,No Error,,-1
10935,2024-04-24,500,-1,-1,No Error,,-1
10936,2024-04-24,500,-1,-1,No Error,,-1
10937,2024-04-24,500,-1,-1,No Error,,-1
10938,2024-04-24,500,-1,-1,No Error,,-1
10939,2024-04-24,500,-1,-1,No Error,,-1
10940,2024-04-24,500,-1,-1,No Error,,-1
10941,2024-04-24,500,-1,-1,No Error,,-1
10942,2024-04-24,500,-1,-1,No Error,,-1
10943,2024-04-24,500,-1,-1,No Error,,-1
10944,2024-04-24,500,-1,-1,No Error,,-1
11792,2024-04-24,500,-1,-1,No Error,,-1
11141,2024-04-24,500,-1,-1,No Error,,-1
10947,2024-04-24,500,-1,-1,No Error,,-1
10310,2024-04-24,500,-1,-1,No Error,,-1
11162,2024-04-24,500,-1,-1,No Error,,-1
10950,2024-04-24,500,-1,-1,No Error,,-1
10951,2024-04-24,500,-1,-1,No Error,,-1
10952,2024-04-24,500,-1,-1,No Error,,-1
10953,2024-04-24,500,-1,-1,No Error,,-1
10954,2024-04-24,500,-1,-1,No Error,,-1
10955,2024-04-24,500,-1,-1,No Error,,-1
10956,2024-04-24,500,-1,-1,No Error,,-1
11270,2024-04-24,500,-1,-1,No Error,,-1
10908,2024-04-24,500,-1,-1,No Error,,-1
10990,2024-04-24,500,-1,-1,No Error,,-1
10860,2024-04-24,500,-1,-1,No Error,,-1
10961,2024-04-24,500,-1,-1,No Error,,-1
10962,2024-04-24,500,-1,-1,No Error,,-1
10963,2024-04-24,500,-1,-1,No Error,,-1
10964,2024-04-24,500,-1,-1,No Error,,-1
11789,2024-04-24,500,-1,-1,No Error,,-1
10378,2024-04-24,500,-1,-1,No Error,,-1
10967,2024-04-24,500,-1,-1,No Error,,-1
10968,2024-04-24,500,-1,-1,No Error,,-1
10969,2024-04-24,500,-1,-1,No Error,,-1
10970,2024-04-24,500,-1,-1,No Error,,-1
10971,2024-04-24,500,-1,-1,No Error,,-1
11290,2024-04-24,500,-1,-1,No Error,,-1
10973,2024-04-24,500,-1,-1,No Error,,-1
10974,2024-04-24,500,-1,-1,No Error,,-1
10975,2024-04-24,500,-1,-1,No Error,,-1
11349,2024-04-24,500,-1,-1,No Error,,-1
10977,2024-04-24,500,-1,-1,No Error,,-1
10978,2024-04-24,500,-1,-1,No Error,,-1
10979,2024-04-24,500,-1,-1,No Error,,-1
10980,2024-04-24,500,-1,-1,No Error,,-1
10981,2024-04-24,500,-1,-1,No Error,,-1
10982,2024-04-24,500,-1,-1,No Error,,-1
11837,2024-04-24,500,-1,-1,No Error,,-1
10733,2024-04-24,500,-1,-1,No Error,,-1
10985,2024-04-24,500,-1,-1,No Error,,-1
10986,2024-04-24,500,-1,-1,No Error,,-1
11770,2024-04-24,500,-1,-1,No Error,,-1
10988,2024-04-24,500,-1,-1,No Error,,-1
10626,2024-04-24,500,-1,-1,No Error,,-1
11025,2024-04-24,500,-1,-1,No Error,,-1
10983,2024-04-24,500,-1,-1,No Error,,-1
10992,2024-04-24,500,-1,-1,No Error,,-1
11671,2024-04-24,500,-1,-1,No Error,,-1
10994,2024-04-24,500,-1,-1,No Error,,-1
10995,2024-04-24,500,-1,-1,No Error,,-1
10996,2024-04-24,500,-1,-1,No Error,,-1
10997,2024-04-24,500,-1,-1,No Error,,-1
10998,2024-04-24,500,-1,-1,No Error,,-1
10999,2024-04-24,500,-1,-1,No Error,,-1
11000,2024-04-24,500,-1,-1,No Error,,-1
11214,2024-04-24,500,-1,-1,No Error,,-1
11002,2024-04-24,500,-1,-1,No Error,,-1
11003,2024-04-24,500,-1,-1,No Error,,-1
10294,2024-04-24,500,-1,-1,No Error,,-1
11005,2024-04-24,500,-1,-1,No Error,,-1
11908,2024-04-24,500,-1,-1,No Error,,-1
11007,2024-04-24,500,-1,-1,No Error,,-1
11008,2024-04-24,500,-1,-1,No Error,,-1
11009,2024-04-24,500,-1,-1,No Error,,-1
11010,2024-04-24,500,-1,-1,No Error,,-1
11011,2024-04-24,500,-1,-1,No Error,,-1
11012,2024-04-24,500,-1,-1,No Error,,-1
10991,2024-04-24,500,-1,-1,No Error,,-1
11014,2024-04-24,500,-1,-1,No Error,,-1
11015,2024-04-24,500,-1,-1,No Error,,-1
11016,2024-04-24,500,-1,-1,No Error,,-1
10056,2024-04-24,500,-1,-1,No Error,,-1
10460,2024-04-24,500,-1,-1,No Error,,-1
11019,2024-04-24,500,-1,-1,No Error,,-1
11020,2024-04-24,500,-1,-1,No Error,,-1
11021,2024-04-24,500,-1,-1,No Error,,-1
11022,2024-04-24,500,-1,-1,No Error,,-1
11023,2024-04-24,500,-1,-1,No Error,,-1
11165,2024-04-24,500,-1,-1,No Error,,-1
11068,2024-04-24,500,-1,-1,No Error,,-1
11026,2024-04-24,500,-1,-1,No Error,,-1
11027,2024-04-24,500,-1,-1,No Error,,-1
11028,2024-04-24,500,-1,-1,No Error,,-1
11625,2024-04-24,500,-1,-1,No Error,,-1
11183,2024-04-24,500,-1,-1,No Error,,-1
11336,2024-04-24,500,-1,-1,No Error,,-1
10787,2024-04-24,500,-1,-1,No Error,,-1
11033,2024-04-24,500,-1,-1,No Error,,-1
11034,2024-04-24,500,-1,-1,No Error,,-1
10267,2024-04-24,500,-1,-1,No Error,,-1
11036,2024-04-24,500,-1,-1,No Error,,-1
11118,2024-04-24,500,-1,-1,No Error,,-1
11017,2024-04-24,500,-1,-1,No Error,,-1
11039,2024-04-24,500,-1,-1,No Error,,-1
10642,2024-04-24,500,-1,-1,No Error,,-1
10853,2024-04-24,500,-1,-1,No Error,,-1
11042,2024-04-24,500,-1,-1,No Error,,-1
11043,2024-04-24,500,-1,-1,No Error,,-1
11044,2024-04-24,500,-1,-1,No Error,,-1
10778,2024-04-24,500,-1,-1,No Error,,-1
11046,2024-04-24,500,-1,-1,No Error,,-1
10835,2024-04-24,500,-1,-1,No Error,,-1
11048,2024-04-24,500,-1,-1,No Error,,-1
11049,2024-04-24,500,-1,-1,No Error,,-1
11050,2024-04-24,500,-1,-1,No Error,,-1
11051,2024-04-24,500,-1,-1,No Error,,-1
11052,2024-04-24,500,-1,-1,No Error,,-1
11053,2024-04-24,500,-1,-1,No Error,,-1
11054,2024-04-24,500,-1,-1,No Error,,-1
11055,2024-04-24,500,-1,-1,No Error,,-1
11085,2024-04-24,500,-1,-1,No Error,,-1
10358,2024-04-24,500,-1,-1,No Error,,-1
11058,2024-04-24,500,-1,-1,No Error,,-1
11059,2024-04-24,500,-1,-1,No Error,,-1
11060,2024-04-24,500,-1,-1,No Error,,-1
10188,2024-04-24,500,-1,-1,No Error,,-1
10987,2024-04-24,500,-1,-1,No Error,,-1
11063,2024-04-24,500,-1,-1,No Error,,-1
11091,2024-04-24,500,-1,-1,No Error,,-1
11065,2024-04-24,500,-1,-1,No Error,,-1
11066,2024-04-24,500,-1,-1,No Error,,-1
11067,2024-04-24,500,-1,-1,No Error,,-1
11106,2024-04-24,500,-1,-1,No Error,,-1
11069,2024-04-24,500,-1,-1,No Error,,-1
11070,2024-04-24,500,-1,-1,No Error,,-1
11071,2024-04-24,500,-1,-1,No Error,,-1
11072,2024-04-24,500,-1,-1,No Error,,-1
11073,2024-04-24,500,-1,-1,No Error,,-1
11074,2024-04-24,500,-1,-1,No Error,,-1
11393,2024-04-24,500,-1,-1,No Error,,-1
11076,2024-04-24,500,-1,-1,No Error,,-1
11077,2024-04-24,500,-1,-1,No Error,,-1
11078,2024-04-24,500,-1,-1,No Error,,-1
11079,2024-04-24,500,-1,-1,No Error,,-1
10839,2024-04-24,500,-1,-1,No Error,,-1
11081,2024-04-24,500,-1,-1,No Error,,-1
10155,2024-04-24,500,-1,-1,No Error,,-1
11083,2024-04-24,500,-1,-1,No Error,,-1
11084,2024-04-24,500,-1,-1,No Error,,-1
10715,2024-04-24,500,-1,-1,No Error,,-1
11086,2024-04-24,500,-1,-1,No Error,,-1
11941,2024-04-24,500,-1,-1,No Error,,-1
11088,2024-04-24,500,-1,-1,No Error,,-1
11089,2024-04-24,500,-1,-1,No Error,,-1
10632,2024-04-24,500,-1,-1,No Error,,-1
10344,2024-04-24,500,-1,-1,No Error,,-1
11092,2024-04-24,500,-1,-1,No Error,,-1
11093,2024-04-24,500,-1,-1,No Error,,-1
11094,2024-04-24,500,-1,-1,No Error,,-1
10651,2024-04-24,500,-1,-1,No Error,,-1
11096,2024-04-24,500,-1,-1,No Error,,-1
10250,2024-04-24,500,-1,-1,No Error,,-1
10665,2024-04-24,500,-1,-1,No Error,,-1
11099,2024-04-24,500,-1,-1,No Error,,-1
11100,2024-04-24,500,-1,-1,No Error,,-1
11101,2024-04-24,500,-1,-1,No Error,,-1
11102,2024-04-24,500,-1,-1,No Error,,-1
11103,2024-04-24,500,-1,-1,No Error,,-1
11104,2024-04-24,500,-1,-1,No Error,,-1
11807,2024-04-24,500,-1,-1,No Error,,-1
11061,2024-04-24,500,-1,-1,No Error,,-1
11107,2024-04-24,500,-1,-1,No Error,,-1
11108,2024-04-24,500,-1,-1,No Error,,-1
10768,2024-04-24,500,-1,-1,No Error,,-1
11110,2024-04-24,500,-1,-1,No Error,,-1
11111,2024-04-24,500,-1,-1,No Error,,-1
11112,2024-04-24,500,-1,-1,No Error,,-1
11113,2024-04-24,500,-1,-1,No Error,,-1
11114,2024-04-24,500,-1,-1,No Error,,-1
11115,2024-04-24,500,-1,-1,No Error,,-1
11567,2024-04-24,500,-1,-1,No Error,,-1
11117,2024-04-24,500,-1,-1,No Error,,-1
10069,2024-04-24,500,-1,-1,No Error,,-1
11119,2024-04-24,500,-1,-1,No Error,,-1
11917,2024-04-24,500,-1,-1,No Error,,-1
11121,2024-04-24,500,-1,-1,No Error,,-1
11122,2024-04-24,500,-1,-1,No Error,,-1
11123,2024-04-24,500,-1,-1,No Error,,-1
11344,2024-04-24,500,-1,-1,No Error,,-1
11125,2024-04-24,500,-1,-1,No Error,,-1
11126,2024-04-24,500,-1,-1,No Error,,-1
11127,2024-04-24,500,-1,-1,No Error,,-1
11128,2024-04-24,500,-1,-1,No Error,,-1
11129,2024-04-24,500,-1,-1,No Error,,-1
11130,2024-04-24,500,-1,-1,No Error,,-1
11131,2024-04-24,500,-1,-1,No Error,,-1
11132,2024-04-24,500,-1,-1,No Error,,-1
11133,2024-04-24,500,-1,-1,No Error,,-1
11134,2024-04-24,500,-1,-1,No Error,,-1
11135,2024-04-24,500,-1,-1,No Error,,-1
11136,2024-04-24,500,-1,-1,No Error,,-1
11137,2024-04-24,500,-1,-1,No Error,,-1
11138,2024-04-24,500,-1,-1,No Error,,-1
11139,2024-04-24,500,-1,-1,No Error,,-1
11591,2024-04-24,500,-1,-1,No Error,,-1
11665,2024-04-24,500,-1,-1,No Error,,-1
11142,2024-04-24,500,-1,-1,No Error,,-1
11143,2024-04-24,500,-1,-1,No Error,,-1
11144,2024-04-24,500,-1,-1,No Error,,-1
11145,2024-04-24,500,-1,-1,No Error,,-1
11885,2024-04-24,500,-1,-1,No Error,,-1
11147,2024-04-24,500,-1,-1,No Error,,-1
11148,2024-04-24,500,-1,-1,No Error,,-1
11149,2024-04-24,500,-1,-1,No Error,,-1
11150,2024-04-24,500,-1,-1,No Error,,-1
10731,2024-04-24,500,-1,-1,No Error,,-1
11152,2024-04-24,500,-1,-1,No Error,,-1
11153,2024-04-24,500,-1,-1,No Error,,-1
11154,2024-04-24,500,-1,-1,No Error,,-1
11155,2024-04-24,500,-1,-1,No Error,,-1
11156,2024-04-24,500,-1,-1,No Error,,-1
11157,2024-04-24,500,-1,-1,No Error,,-1
11158,2024-04-24,500,-1,-1,No Error,,-1
10313,2024-04-24,500,-1,-1,No Error,,-1
11160,2024-04-24,500,-1,-1,No Error,,-1
11161,2024-04-24,500,-1,-1,No Error,,-1
10851,2024-04-24,500,-1,-1,No Error,,-1
11163,2024-04-24,500,-1,-1,No Error,,-1
11164,2024-04-24,500,-1,-1,No Error,,-1
11645,2024-04-24,500,-1,-1,No Error,,-1
11166,2024-04-24,500,-1,-1,No Error,,-1
10462,2024-04-24,500,-1,-1,No Error,,-1
11168,2024-04-24,500,-1,-1,No Error,,-1
11169,2024-04-24,500,-1,-1,No Error,,-1
11170,2024-04-24,500,-1,-1,No Error,,-1
11171,2024-04-24,500,-1,-1,No Error,,-1
11635,2024-04-24,500,-1,-1,No Error,,-1
11173,2024-04-24,500,-1,-1,No Error,,-1
11174,2024-04-24,500,-1,-1,No Error,,-1
11175,2024-04-24,500,-1,-1,No Error,,-1
11176,2024-04-24,500,-1,-1,No Error,,-1
10703,2024-04-24,500,-1,-1,No Error,,-1
11178,2024-04-24,500,-1,-1,No Error,,-1
11080,2024-04-24,500,-1,-1,No Error,,-1
11479,2024-04-24,500,-1,-1,No Error,,-1
11181,2024-04-24,500,-1,-1,No Error,,-1
11182,2024-04-24,500,-1,-1,No Error,,-1
10946,2024-04-24,500,-1,-1,No Error,,-1
11849,2024-04-24,500,-1,-1,No Error,,-1
11895,2024-04-24,500,-1,-1,No Error,,-1
11186,2024-04-24,500,-1,-1,No Error,,-1
11187,2024-04-24,500,-1,-1,No Error,,-1
11188,2024-04-24,500,-1,-1,No Error,,-1
11189,2024-04-24,500,-1,-1,No Error,,-1
11190,2024-04-24,500,-1,-1,No Error,,-1
11191,2024-04-24,500,-1,-1,No Error,,-1
11192,2024-04-24,500,-1,-1,No Error,,-1
11193,2024-04-24,500,-1,-1,No Error,,-1
10888,2024-04-24,500,-1,-1,No Error,,-1
10928,2024-04-24,500,-1,-1,No Error,,-1
11496,2024-04-24,500,-1,-1,No Error,,-1
11197,2024-04-24,500,-1,-1,No Error,,-1
11198,2024-04-24,500,-1,-1,No Error,,-1
11199,2024-04-24,500,-1,-1,No Error,,-1
11200,2024-04-24,500,-1,-1,No Error,,-1
10801,2024-04-24,500,-1,-1,No Error,,-1
11754,2024-04-24,500,-1,-1,No Error,,-1
10172,2024-04-24,500,-1,-1,No Error,,-1
11204,2024-04-24,500,-1,-1,No Error,,-1
11205,2024-04-24,500,-1,-1,No Error,,-1
11206,2024-04-24,500,-1,-1,No Error,,-1
11207,2024-04-24,500,-1,-1,No Error,,-1
11208,2024-04-24,500,-1,-1,No Error,,-1
11209,2024-04-24,500,-1,-1,No Error,,-1
11210,2024-04-24,500,-1,-1,No Error,,-1
11211,2024-04-24,500,-1,-1,No Error,,-1
11212,2024-04-24,500,-1,-1,No Error,,-1
11213,2024-04-24,500,-1,-1,No Error,,-1
11672,2024-04-24,500,-1,-1,No Error,,-1
11535,2024-04-24,500,-1,-1,No Error,,-1
11216,2024-04-24,500,-1,-1,No Error,,-1
11304,2024-04-24,500,-1,-1,No Error,,-1
11202,2024-04-24,500,-1,-1,No Error,,-1
11219,2024-04-24,500,-1,-1,No Error,,-1
11220,2024-04-24,500,-1,-1,No Error,,-1
11221,2024-04-24,500,-1,-1,No Error,,-1
11222,2024-04-24,500,-1,-1,No Error,,-1
11333,2024-04-24,500,-1,-1,No Error,,-1
11224,2024-04-24,500,-1,-1,No Error,,-1
10193,2024-04-24,500,-1,-1,No Error,,-1
11226,2024-04-24,500,-1,-1,No Error,,-1
11227,2024-04-24,500,-1,-1,No Error,,-1
11228,2024-04-24,500,-1,-1,No Error,,-1
11229,2024-04-24,500,-1,-1,No Error,,-1
11230,2024-04-24,500,-1,-1,No Error,,-1
11338,2024-04-24,500,-1,-1,No Error,,-1
11232,2024-04-24,500,-1,-1,No Error,,-1
11233,2024-04-24,500,-1,-1,No Error,,-1
11234,2024-04-24,500,-1,-1,No Error,,-1
11235,2024-04-24,500,-1,-1,No Error,,-1
11236,2024-04-24,500,-1,-1,No Error,,-1
11237,2024-04-24,500,-1,-1,No Error,,-1
11238,2024-04-24,500,-1,-1,No Error,,-1
11239,2024-04-24,500,-1,-1,No Error,,-1
11240,2024-04-24,500,-1,-1,No Error,,-1
11241,2024-04-24,500,-1,-1,No Error,,-1
11242,2024-04-24,500,-1,-1,No Error,,-1
11243,2024-04-24,500,-1,-1,No Error,,-1
11867,2024-04-24,500,-1,-1,No Error,,-1
10068,2024-04-24,500,-1,-1,No Error,,-1
11246,2024-04-24,500,-1,-1,No Error,,-1
11247,2024-04-24,500,-1,-1,No Error,,-1
11248,2024-04-24,500,-1,-1,No Error,,-1
11249,2024-04-24,500,-1,-1,No Error,,-1
11657,2024-04-24,500,-1,-1,No Error,,-1
10794,2024-04-24,500,-1,-1,No Error,,-1
10949,2024-04-24,500,-1,-1,No Error,,-1
11253,2024-04-24,500,-1,-1,No Error,,-1
11040,2024-04-24,500,-1,-1,No Error,,-1
11105,2024-04-24,500,-1,-1,No Error,,-1
11256,2024-04-24,500,-1,-1,No Error,,-1
11510,2024-04-24,500,-1,-1,No Error,,-1
11880,2024-04-24,500,-1,-1,No Error,,-1
11259,2024-04-24,500,-1,-1,No Error,,-1
11260,2024-04-24,500,-1,-1,No Error,,-1
11196,2024-04-24,500,-1,-1,No Error,,-1
10544,2024-04-24,500,-1,-1,No Error,,-1
10721,2024-04-24,500,-1,-1,No Error,,-1
11264,2024-04-24,500,-1,-1,No Error,,-1
11265,2024-04-24,500,-1,-1,No Error,,-1
11266,2024-04-24,500,-1,-1,No Error,,-1
10957,2024-04-24,500,-1,-1,No Error,,-1
11268,2024-04-24,500,-1,-1,No Error,,-1
10295,2024-04-24,500,-1,-1,No Error,,-1
11446,2024-04-24,500,-1,-1,No Error,,-1
11271,2024-04-24,500,-1,-1,No Error,,-1
10530,2024-04-24,500,-1,-1,No Error,,-1
11273,2024-04-24,500,-1,-1,No Error,,-1
10840,2024-04-24,500,-1,-1,No Error,,-1
11275,2024-04-24,500,-1,-1,No Error,,-1
10509,2024-04-24,500,-1,-1,No Error,,-1
11277,2024-04-24,500,-1,-1,No Error,,-1
11278,2024-04-24,500,-1,-1,No Error,,-1
11279,2024-04-24,500,-1,-1,No Error,,-1
11280,2024-04-24,500,-1,-1,No Error,,-1
11281,2024-04-24,500,-1,-1,No Error,,-1
11282,2024-04-24,500,-1,-1,No Error,,-1
11283,2024-04-24,500,-1,-1,No Error,,-1
11313,2024-04-24,500,-1,-1,No Error,,-1
11285,2024-04-24,500,-1,-1,No Error,,-1
11286,2024-04-24,500,-1,-1,No Error,,-1
11287,2024-04-24,500,-1,-1,No Error,,-1
11288,2024-04-24,500,-1,-1,No Error,,-1
10125,2024-04-24,500,-1,-1,No Error,,-1
10836,2024-04-24,500,-1,-1,No Error,,-1
11291,2024-04-24,500,-1,-1,No Error,,-1
11768,2024-04-24,500,-1,-1,No Error,,-1
11740,2024-04-24,500,-1,-1,No Error,,-1
11294,2024-04-24,500,-1,-1,No Error,,-1
11295,2024-04-24,500,-1,-1,No Error,,-1
11296,2024-04-24,500,-1,-1,No Error,,-1
11297,2024-04-24,500,-1,-1,No Error,,-1
11298,2024-04-24,500,-1,-1,No Error,,-1
11299,2024-04-24,500,-1,-1,No Error,,-1
11362,2024-04-24,500,-1,-1,No Error,,-1
11301,2024-04-24,500,-1,-1,No Error,,-1
11715,2024-04-24,500,-1,-1,No Error,,-1
11868,2024-04-24,500,-1,-1,No Error,,-1
10854,2024-04-24,500,-1,-1,No Error,,-1
11985,2024-04-24,500,-1,-1,No Error,,-1
11306,2024-04-24,500,-1,-1,No Error,,-1
11307,2024-04-24,500,-1,-1,No Error,,-1
11308,2024-04-24,500,-1,-1,No Error,,-1
11309,2024-04-24,500,-1,-1,No Error,,-1
11310,2024-04-24,500,-1,-1,No Error,,-1
10868,2024-04-24,500,-1,-1,No Error,,-1
10562,2024-04-24,500,-1,-1,No Error,,-1
10701,2024-04-24,500,-1,-1,No Error,,-1
11314,2024-04-24,500,-1,-1,No Error,,-1
11315,2024-04-24,500,-1,-1,No Error,,-1
11316,2024-04-24,500,-1,-1,No Error,,-1
11317,2024-04-24,500,-1,-1,No Error,,-1
11583,2024-04-24,500,-1,-1,No Error,,-1
11319,2024-04-24,500,-1,-1,No Error,,-1
11320,2024-04-24,500,-1,-1,No Error,,-1
11321,2024-04-24,500,-1,-1,No Error,,-1
11322,2024-04-24,500,-1,-1,No Error,,-1
11323,2024-04-24,500,-1,-1,No Error,,-1
10445,2024-04-24,500,-1,-1,No Error,,-1
10552,2024-04-24,500,-1,-1,No Error,,-1
11326,2024-04-24,500,-1,-1,No Error,,-1
11327,2024-04-24,500,-1,-1,No Error,,-1
10453,2024-04-24,500,-1,-1,No Error,,-1
11329,2024-04-24,500,-1,-1,No Error,,-1
11330,2024-04-24,500,-1,-1,No Error,,-1
10187,2024-04-24,500,-1,-1,No Error,,-1
11332,2024-04-24,500,-1,-1,No Error,,-1
11870,2024-04-24,500,-1,-1,No Error,,-1
11334,2024-04-24,500,-1,-1,No Error,,-1
11335,2024-04-24,500,-1,-1,No Error,,-1
11331,2024-04-24,500,-1,-1,No Error,,-1
11474,2024-04-24,500,-1,-1,No Error,,-1
10277,2024-04-24,500,-1,-1,No Error,,-1
11339,2024-04-24,500,-1,-1,No Error,,-1
11440,2024-04-24,500,-1,-1,No Error,,-1
11341,2024-04-24,500,-1,-1,No Error,,-1
11180,2024-04-24,500,-1,-1,No Error,,-1
11124,2024-04-24,500,-1,-1,No Error,,-1
11502,2024-04-24,500,-1,-1,No Error,,-1
11345,2024-04-24,500,-1,-1,No Error,,-1
11346,2024-04-24,500,-1,-1,No Error,,-1
11347,2024-04-24,500,-1,-1,No Error,,-1
10653,2024-04-24,500,-1,-1,No Error,,-1
10674,2024-04-24,500,-1,-1,No Error,,-1
11350,2024-04-24,500,-1,-1,No Error,,-1
11351,2024-04-24,500,-1,-1,No Error,,-1
11352,2024-04-24,500,-1,-1,No Error,,-1
11353,2024-04-24,500,-1,-1,No Error,,-1
11354,2024-04-24,500,-1,-1,No Error,,-1
11355,2024-04-24,500,-1,-1,No Error,,-1
10895,2024-04-24,500,-1,-1,No Error,,-1
11357,2024-04-24,500,-1,-1,No Error,,-1
11358,2024-04-24,500,-1,-1,No Error,,-1
11359,2024-04-24,500,-1,-1,No Error,,-1
11360,2024-04-24,500,-1,-1,No Error,,-1
11361,2024-04-24,500,-1,-1,No Error,,-1
10162,2024-04-24,500,-1,-1,No Error,,-1
11363,2024-04-24,500,-1,-1,No Error,,-1
11984,2024-04-24,500,-1,-1,No Error,,-1
11365,2024-04-24,500,-1,-1,No Error,,-1
11366,2024-04-24,500,-1,-1,No Error,,-1
10262,2024-04-24,500,-1,-1,No Error,,-1
11368,2024-04-24,500,-1,-1,No Error,,-1
11369,2024-04-24,500,-1,-1,No Error,,-1
11370,2024-04-24,500,-1,-1,No Error,,-1
11371,2024-04-24,500,-1,-1,No Error,,-1
11372,2024-04-24,500,-1,-1,No Error,,-1
11373,2024-04-24,500,-1,-1,No Error,,-1
11374,2024-04-24,500,-1,-1,No Error,,-1
11375,2024-04-24,500,-1,-1,No Error,,-1
11376,2024-04-24,500,-1,-1,No Error,,-1
11377,2024-04-24,500,-1,-1,No Error,,-1
11378,2024-04-24,500,-1,-1,No Error,,-1
11379,2024-04-24,500,-1,-1,No Error,,-1
11380,2024-04-24,500,-1,-1,No Error,,-1
11381,2024-04-24,500,-1,-1,No Error,,-1
11382,2024-04-24,500,-1,-1,No Error,,-1
11383,2024-04-24,500,-1,-1,No Error,,-1
11384,2024-04-24,500,-1,-1,No Error,,-1
10667,2024-04-24,500,-1,-1,No Error,,-1
11386,2024-04-24,500,-1,-1,No Error,,-1
11387,2024-04-24,500,-1,-1,No Error,,-1
11388,2024-04-24,500,-1,-1,No Error,,-1
11389,2024-04-24,500,-1,-1,No Error,,-1
11864,2024-04-24,500,-1,-1,No Error,,-1
11391,2024-04-24,500,-1,-1,No Error,,-1
11392,2024-04-24,500,-1,-1,No Error,,-1
10224,2024-04-24,500,-1,-1,No Error,,-1
11394,2024-04-24,500,-1,-1,No Error,,-1
11395,2024-04-24,500,-1,-1,No Error,,-1
11396,2024-04-24,500,-1,-1,No Error,,-1
11397,2024-04-24,500,-1,-1,No Error,,-1
11398,2024-04-24,500,-1,-1,No Error,,-1
11399,2024-04-24,500,-1,-1,No Error,,-1
11400,2024-04-24,500,-1,-1,No Error,,-1
11401,2024-04-24,500,-1,-1,No Error,,-1
11402,2024-04-24,500,-1,-1,No Error,,-1
11403,2024-04-24,500,-1,-1,No Error,,-1
10189,2024-04-24,500,-1,-1,No Error,,-1
11405,2024-04-24,500,-1,-1,No Error,,-1
11406,2024-04-24,500,-1,-1,No Error,,-1
11407,2024-04-24,500,-1,-1,No Error,,-1
11408,2024-04-24,500,-1,-1,No Error,,-1
11409,2024-04-24,500,-1,-1,No Error,,-1
11410,2024-04-24,500,-1,-1,No Error,,-1
11411,2024-04-24,500,-1,-1,No Error,,-1
11412,2024-04-24,500,-1,-1,No Error,,-1
11082,2024-04-24,500,-1,-1,No Error,,-1
10083,2024-04-24,500,-1,-1,No Error,,-1
11957,2024-04-24,500,-1,-1,No Error,,-1
11416,2024-04-24,500,-1,-1,No Error,,-1
11417,2024-04-24,500,-1,-1,No Error,,-1
11418,2024-04-24,500,-1,-1,No Error,,-1
10809,2024-04-24,500,-1,-1,No Error,,-1
10479,2024-04-24,500,-1,-1,No Error,,-1
10098,2024-04-24,500,-1,-1,No Error,,-1
11422,2024-04-24,500,-1,-1,No Error,,-1
11423,2024-04-24,500,-1,-1,No Error,,-1
10858,2024-04-24,500,-1,-1,No Error,,-1
11425,2024-04-24,500,-1,-1,No Error,,-1
11426,2024-04-24,500,-1,-1,No Error,,-1
10443,2024-04-24,500,-1,-1,No Error,,-1
11428,2024-04-24,500,-1,-1,No Error,,-1
11429,2024-04-24,500,-1,-1,No Error,,-1
11430,2024-04-24,500,-1,-1,No Error,,-1
10797,2024-04-24,500,-1,-1,No Error,,-1
11432,2024-04-24,500,-1,-1,No Error,,-1
11433,2024-04-24,500,-1,-1,No Error,,-1
10328,2024-04-24,500,-1,-1,No Error,,-1
11435,2024-04-24,500,-1,-1,No Error,,-1
11436,2024-04-24,500,-1,-1,No Error,,-1
11437,2024-04-24,500,-1,-1,No Error,,-1
11438,2024-04-24,500,-1,-1,No Error,,-1
11439,2024-04-24,500,-1,-1,No Error,,-1
10524,2024-04-24,500,-1,-1,No Error,,-1
11441,2024-04-24,500,-1,-1,No Error,,-1
11442,2024-04-24,500,-1,-1,No Error,,-1
11215,2024-04-24,500,-1,-1,No Error,,-1
11444,2024-04-24,500,-1,-1,No Error,,-1
11986,2024-04-24,500,-1,-1,No Error,,-1
11098,2024-04-24,500,-1,-1,No Error,,-1
10077,2024-04-24,500,-1,-1,No Error,,-1
11448,2024-04-24,500,-1,-1,No Error,,-1
11449,2024-04-24,500,-1,-1,No Error,,-1
11450,2024-04-24,500,-1,-1,No Error,,-1
11451,2024-04-24,500,-1,-1,No Error,,-1
10385,2024-04-24,500,-1,-1,No Error,,-1
11453,2024-04-24,500,-1,-1,No Error,,-1
11454,2024-04-24,500,-1,-1,No Error,,-1
11455,2024-04-24,500,-1,-1,No Error,,-1
11456,2024-04-24,500,-1,-1,No Error,,-1
11457,2024-04-24,500,-1,-1,No Error,,-1
11458,2024-04-24,500,-1,-1,No Error,,-1
11459,2024-04-24,500,-1,-1,No Error,,-1
11460,2024-04-24,500,-1,-1,No Error,,-1
11461,2024-04-24,500,-1,-1,No Error,,-1
10458,2024-04-24,500,-1,-1,No Error,,-1
11463,2024-04-24,500,-1,-1,No Error,,-1
11464,2024-04-24,500,-1,-1,No Error,,-1
11465,2024-04-24,500,-1,-1,No Error,,-1
10456,2024-04-24,500,-1,-1,No Error,,-1
11467,2024-04-24,500,-1,-1,No Error,,-1
11318,2024-04-24,500,-1,-1,No Error,,-1
11469,2024-04-24,500,-1,-1,No Error,,-1
11470,2024-04-24,500,-1,-1,No Error,,-1
11471,2024-04-24,500,-1,-1,No Error,,-1
11472,2024-04-24,500,-1,-1,No Error,,-1
10147,2024-04-24,500,-1,-1,No Error,,-1
11857,2024-04-24,500,-1,-1,No Error,,-1
11475,2024-04-24,500,-1,-1,No Error,,-1
11038,2024-04-24,500,-1,-1,No Error,,-1
11477,2024-04-24,500,-1,-1,No Error,,-1
11478,2024-04-24,500,-1,-1,No Error,,-1
10238,2024-04-24,500,-1,-1,No Error,,-1
11480,2024-04-24,500,-1,-1,No Error,,-1
11481,2024-04-24,500,-1,-1,No Error,,-1
11482,2024-04-24,500,-1,-1,No Error,,-1
11483,2024-04-24,500,-1,-1,No Error,,-1
11484,2024-04-24,500,-1,-1,No Error,,-1
11485,2024-04-24,500,-1,-1,No Error,,-1
11486,2024-04-24,500,-1,-1,No Error,,-1
11487,2024-04-24,500,-1,-1,No Error,,-1
11488,2024-04-24,500,-1,-1,No Error,,-1
11489,2024-04-24,500,-1,-1,No Error,,-1
11490,2024-04-24,500,-1,-1,No Error,,-1
11491,2024-04-24,500,-1,-1,No Error,,-1
10130,2024-04-24,500,-1,-1,No Error,,-1
10013,2024-04-24,500,-1,-1,No Error,,-1
11823,2024-04-24,500,-1,-1,No Error,,-1
11495,2024-04-24,500,-1,-1,No Error,,-1
10705,2024-04-24,500,-1,-1,No Error,,-1
11497,2024-04-24,500,-1,-1,No Error,,-1
11498,2024-04-24,500,-1,-1,No Error,,-1
11499,2024-04-24,500,-1,-1,No Error,,-1
11500,2024-04-24,500,-1,-1,No Error,,-1
11501,2024-04-24,500,-1,-1,No Error,,-1
10182,2024-04-24,500,-1,-1,No Error,,-1
11503,2024-04-24,500,-1,-1,No Error,,-1
11504,2024-04-24,500,-1,-1,No Error,,-1
11505,2024-04-24,500,-1,-1,No Error,,-1
11506,2024-04-24,500,-1,-1,No Error,,-1
11750,2024-04-24,500,-1,-1,No Error,,-1
11508,2024-04-24,500,-1,-1,No Error,,-1
11509,2024-04-24,500,-1,-1,No Error,,-1
11195,2024-04-24,500,-1,-1,No Error,,-1
11511,2024-04-24,500,-1,-1,No Error,,-1
11704,2024-04-24,500,-1,-1,No Error,,-1
11513,2024-04-24,500,-1,-1,No Error,,-1
11514,2024-04-24,500,-1,-1,No Error,,-1
11356,2024-04-24,500,-1,-1,No Error,,-1
11516,2024-04-24,500,-1,-1,No Error,,-1
11517,2024-04-24,500,-1,-1,No Error,,-1
11518,2024-04-24,500,-1,-1,No Error,,-1
10803,2024-04-24,500,-1,-1,No Error,,-1
11520,2024-04-24,500,-1,-1,No Error,,-1
11521,2024-04-24,500,-1,-1,No Error,,-1
11522,2024-04-24,500,-1,-1,No Error,,-1
11523,2024-04-24,500,-1,-1,No Error,,-1
11524,2024-04-24,500,-1,-1,No Error,,-1
11525,2024-04-24,500,-1,-1,No Error,,-1
10487,2024-04-24,500,-1,-1,No Error,,-1
11527,2024-04-24,500,-1,-1,No Error,,-1
10343,2024-04-24,500,-1,-1,No Error,,-1
11120,2024-04-24,500,-1,-1,No Error,,-1
10750,2024-04-24,500,-1,-1,No Error,,-1
11531,2024-04-24,500,-1,-1,No Error,,-1
11532,2024-04-24,500,-1,-1,No Error,,-1
10798,2024-04-24,500,-1,-1,No Error,,-1
11534,2024-04-24,500,-1,-1,No Error,,-1
10332,2024-04-24,500,-1,-1,No Error,,-1
10830,2024-04-24,500,-1,-1,No Error,,-1
11537,2024-04-24,500,-1,-1,No Error,,-1
11538,2024-04-24,500,-1,-1,No Error,,-1
11539,2024-04-24,500,-1,-1,No Error,,-1
11540,2024-04-24,500,-1,-1,No Error,,-1
11541,2024-04-24,500,-1,-1,No Error,,-1
11542,2024-04-24,500,-1,-1,No Error,,-1
11543,2024-04-24,500,-1,-1,No Error,,-1
11476,2024-04-24,500,-1,-1,No Error,,-1
11545,2024-04-24,500,-1,-1,No Error,,-1
11546,2024-04-24,500,-1,-1,No Error,,-1
11037,2024-04-24,500,-1,-1,No Error,,-1
11548,2024-04-24,500,-1,-1,No Error,,-1
11549,2024-04-24,500,-1,-1,No Error,,-1
11109,2024-04-24,500,-1,-1,No Error,,-1
11245,2024-04-24,500,-1,-1,No Error,,-1
11552,2024-04-24,500,-1,-1,No Error,,-1
11553,2024-04-24,500,-1,-1,No Error,,-1
11554,2024-04-24,500,-1,-1,No Error,,-1
11555,2024-04-24,500,-1,-1,No Error,,-1
11556,2024-04-24,500,-1,-1,No Error,,-1
11557,2024-04-24,500,-1,-1,No Error,,-1
11558,2024-04-24,500,-1,-1,No Error,,-1
10253,2024-04-24,500,-1,-1,No Error,,-1
11561,2024-04-24,500,-1,-1,No Error,,-1
11024,2024-04-24,500,-1,-1,No Error,,-1
11619,2024-04-24,500,-1,-1,No Error,,-1
11563,2024-04-24,500,-1,-1,No Error,,-1
11564,2024-04-24,500,-1,-1,No Error,,-1
11565,2024-04-24,500,-1,-1,No Error,,-1
11566,2024-04-24,500,-1,-1,No Error,,-1
10976,2024-04-24,500,-1,-1,No Error,,-1
10367,2024-04-24,500,-1,-1,No Error,,-1
11569,2024-04-24,500,-1,-1,No Error,,-1
11570,2024-04-24,500,-1,-1,No Error,,-1
11571,2024-04-24,500,-1,-1,No Error,,-1
11572,2024-04-24,500,-1,-1,No Error,,-1
10412,2024-04-24,500,-1,-1,No Error,,-1
11574,2024-04-24,500,-1,-1,No Error,,-1
10515,2024-04-24,500,-1,-1,No Error,,-1
11576,2024-04-24,500,-1,-1,No Error,,-1
11577,2024-04-24,500,-1,-1,No Error,,-1
11578,2024-04-24,500,-1,-1,No Error,,-1
10131,2024-04-24,500,-1,-1,No Error,,-1
11580,2024-04-24,500,-1,-1,No Error,,-1
11289,2024-04-24,500,-1,-1,No Error,,-1
11582,2024-04-24,500,-1,-1,No Error,,-1
11927,2024-04-24,500,-1,-1,No Error,,-1
11584,2024-04-24,500,-1,-1,No Error,,-1
11739,2024-04-24,500,-1,-1,No Error,,-1
11586,2024-04-24,500,-1,-1,No Error,,-1
11587,2024-04-24,500,-1,-1,No Error,,-1
11588,2024-04-24,500,-1,-1,No Error,,-1
11589,2024-04-24,500,-1,-1,No Error,,-1
10965,2024-04-24,500,-1,-1,No Error,,-1
10709,2024-04-24,500,-1,-1,No Error,,-1
11592,2024-04-24,500,-1,-1,No Error,,-1
11593,2024-04-24,500,-1,-1,No Error,,-1
10821,2024-04-24,500,-1,-1,No Error,,-1
10164,2024-04-24,500,-1,-1,No Error,,-1
11596,2024-04-24,500,-1,-1,No Error,,-1
11597,2024-04-24,500,-1,-1,No Error,,-1
11598,2024-04-24,500,-1,-1,No Error,,-1
11599,2024-04-24,500,-1,-1,No Error,,-1
10818,2024-04-24,500,-1,-1,No Error,,-1
11601,2024-04-24,500,-1,-1,No Error,,-1
11602,2024-04-24,500,-1,-1,No Error,,-1
10966,2024-04-24,500,-1,-1,No Error,,-1
11573,2024-04-24,500,-1,-1,No Error,,-1
11605,2024-04-24,500,-1,-1,No Error,,-1
11606,2024-04-24,500,-1,-1,No Error,,-1
11607,2024-04-24,500,-1,-1,No Error,,-1
11608,2024-04-24,500,-1,-1,No Error,,-1
11609,2024-04-24,500,-1,-1,No Error,,-1
11610,2024-04-24,500,-1,-1,No Error,,-1
11611,2024-04-24,500,-1,-1,No Error,,-1
11897,2024-04-24,500,-1,-1,No Error,,-1
11659,2024-04-24,500,-1,-1,No Error,,-1
10276,2024-04-24,500,-1,-1,No Error,,-1
10118,2024-04-24,500,-1,-1,No Error,,-1
11616,2024-04-24,500,-1,-1,No Error,,-1
11617,2024-04-24,500,-1,-1,No Error,,-1
11618,2024-04-24,500,-1,-1,No Error,,-1
11404,2024-04-24,500,-1,-1,No Error,,-1
11620,2024-04-24,500,-1,-1,No Error,,-1
11621,2024-04-24,500,-1,-1,No Error,,-1
11622,2024-04-24,500,-1,-1,No Error,,-1
11623,2024-04-24,500,-1,-1,No Error,,-1
11624,2024-04-24,500,-1,-1,No Error,,-1
11445,2024-04-24,500,-1,-1,No Error,,-1
11626,2024-04-24,500,-1,-1,No Error,,-1
11928,2024-04-24,500,-1,-1,No Error,,-1
11759,2024-04-24,500,-1,-1,No Error,,-1
11839,2024-04-24,500,-1,-1,No Error,,-1
11630,2024-04-24,500,-1,-1,No Error,,-1
11631,2024-04-24,500,-1,-1,No Error,,-1
11632,2024-04-24,500,-1,-1,No Error,,-1
11633,2024-04-24,500,-1,-1,No Error,,-1
11634,2024-04-24,500,-1,-1,No Error,,-1
11312,2024-04-24,500,-1,-1,No Error,,-1
11636,2024-04-24,500,-1,-1,No Error,,-1
11637,2024-04-24,500,-1,-1,No Error,,-1
11075,2024-04-24,500,-1,-1,No Error,,-1
11702,2024-04-24,500,-1,-1,No Error,,-1
11640,2024-04-24,500,-1,-1,No Error,,-1
11641,2024-04-24,500,-1,-1,No Error,,-1
11642,2024-04-24,500,-1,-1,No Error,,-1
11643,2024-04-24,500,-1,-1,No Error,,-1
11644,2024-04-24,500,-1,-1,No Error,,-1
10350,2024-04-24,500,-1,-1,No Error,,-1
11646,2024-04-24,500,-1,-1,No Error,,-1
11647,2024-04-24,500,-1,-1,No Error,,-1
11648,2024-04-24,500,-1,-1,No Error,,-1
11649,2024-04-24,500,-1,-1,No Error,,-1
11650,2024-04-24,500,-1,-1,No Error,,-1
11651,2024-04-24,500,-1,-1,No Error,,-1
11814,2024-04-24,500,-1,-1,No Error,,-1
11653,2024-04-24,500,-1,-1,No Error,,-1
10449,2024-04-24,500,-1,-1,No Error,,-1
11655,2024-04-24,500,-1,-1,No Error,,-1
11656,2024-04-24,500,-1,-1,No Error,,-1
10813,2024-04-24,500,-1,-1,No Error,,-1
11658,2024-04-24,500,-1,-1,No Error,,-1
10737,2024-04-24,500,-1,-1,No Error,,-1
11269,2024-04-24,500,-1,-1,No Error,,-1
11661,2024-04-24,500,-1,-1,No Error,,-1
11662,2024-04-24,500,-1,-1,No Error,,-1
11663,2024-04-24,500,-1,-1,No Error,,-1
11664,2024-04-24,500,-1,-1,No Error,,-1
10319,2024-04-24,500,-1,-1,No Error,,-1
11666,2024-04-24,500,-1,-1,No Error,,-1
11667,2024-04-24,500,-1,-1,No Error,,-1
11668,2024-04-24,500,-1,-1,No Error,,-1
11669,2024-04-24,500,-1,-1,No Error,,-1
11670,2024-04-24,500,-1,-1,No Error,,-1
10406,2024-04-24,500,-1,-1,No Error,,-1
10247,2024-04-24,500,-1,-1,No Error,,-1
10306,2024-04-24,500,-1,-1,No Error,,-1
11674,2024-04-24,500,-1,-1,No Error,,-1
11675,2024-04-24,500,-1,-1,No Error,,-1
11676,2024-04-24,500,-1,-1,No Error,,-1
10960,2024-04-24,500,-1,-1,No Error,,-1
11678,2024-04-24,500,-1,-1,No Error,,-1
11679,2024-04-24,500,-1,-1,No Error,,-1
11680,2024-04-24,500,-1,-1,No Error,,-1
11681,2024-04-24,500,-1,-1,No Error,,-1
11682,2024-04-24,500,-1,-1,No Error,,-1
11683,2024-04-24,500,-1,-1,No Error,,-1
11684,2024-04-24,500,-1,-1,No Error,,-1
11685,2024-04-24,500,-1,-1,No Error,,-1
11686,2024-04-24,500,-1,-1,No Error,,-1
11687,2024-04-24,500,-1,-1,No Error,,-1
11688,2024-04-24,500,-1,-1,No Error,,-1
11689,2024-04-24,500,-1,-1,No Error,,-1
11690,2024-04-24,500,-1,-1,No Error,,-1
11691,2024-04-24,500,-1,-1,No Error,,-1
10523,2024-04-24,500,-1,-1,No Error,,-1
11693,2024-04-24,500,-1,-1,No Error,,-1
11694,2024-04-24,500,-1,-1,No Error,,-1
11695,2024-04-24,500,-1,-1,No Error,,-1
11473,2024-04-24,500,-1,-1,No Error,,-1
11697,2024-04-24,500,-1,-1,No Error,,-1
11698,2024-04-24,500,-1,-1,No Error,,-1
11699,2024-04-24,500,-1,-1,No Error,,-1
11700,2024-04-24,500,-1,-1,No Error,,-1
11701,2024-04-24,500,-1,-1,No Error,,-1
11013,2024-04-24,500,-1,-1,No Error,,-1
11703,2024-04-24,500,-1,-1,No Error,,-1
10163,2024-04-24,500,-1,-1,No Error,,-1
11705,2024-04-24,500,-1,-1,No Error,,-1
11706,2024-04-24,500,-1,-1,No Error,,-1
11276,2024-04-24,500,-1,-1,No Error,,-1
10029,2024-04-24,500,-1,-1,No Error,,-1
11709,2024-04-24,500,-1,-1,No Error,,-1
11218,2024-04-24,500,-1,-1,No Error,,-1
10861,2024-04-24,500,-1,-1,No Error,,-1
10234,2024-04-24,500,-1,-1,No Error,,-1
10989,2024-04-24,500,-1,-1,No Error,,-1
10567,2024-04-24,500,-1,-1,No Error,,-1
10040,2024-04-24,500,-1,-1,No Error,,-1
11716,2024-04-24,500,-1,-1,No Error,,-1
11717,2024-04-24,500,-1,-1,No Error,,-1
11718,2024-04-24,500,-1,-1,No Error,,-1
11956,2024-04-24,500,-1,-1,No Error,,-1
10375,2024-04-24,500,-1,-1,No Error,,-1
11721,2024-04-24,500,-1,-1,No Error,,-1
11991,2024-04-24,500,-1,-1,No Error,,-1
11723,2024-04-24,500,-1,-1,No Error,,-1
11865,2024-04-24,500,-1,-1,No Error,,-1
11725,2024-04-24,500,-1,-1,No Error,,-1
11726,2024-04-24,500,-1,-1,No Error,,-1
11727,2024-04-24,500,-1,-1,No Error,,-1
11728,2024-04-24,500,-1,-1,No Error,,-1
11729,2024-04-24,500,-1,-1,No Error,,-1
11730,2024-04-24,500,-1,-1,No Error,,-1
11731,2024-04-24,500,-1,-1,No Error,,-1
11732,2024-04-24,500,-1,-1,No Error,,-1
11733,2024-04-24,500,-1,-1,No Error,,-1
11652,2024-04-24,500,-1,-1,No Error,,-1
11735,2024-04-24,500,-1,-1,No Error,,-1
11736,2024-04-24,500,-1,-1,No Error,,-1
11737,2024-04-24,500,-1,-1,No Error,,-1
11738,2024-04-24,500,-1,-1,No Error,,-1
11185,2024-04-24,500,-1,-1,No Error,,-1
11568,2024-04-24,500,-1,-1,No Error,,-1
10543,2024-04-24,500,-1,-1,No Error,,-1
10993,2024-04-24,500,-1,-1,No Error,,-1
11743,2024-04-24,500,-1,-1,No Error,,-1
11744,2024-04-24,500,-1,-1,No Error,,-1
11745,2024-04-24,500,-1,-1,No Error,,-1
11746,2024-04-24,500,-1,-1,No Error,,-1
11747,2024-04-24,500,-1,-1,No Error,,-1
11748,2024-04-24,500,-1,-1,No Error,,-1
11749,2024-04-24,500,-1,-1,No Error,,-1
10789,2024-04-24,500,-1,-1,No Error,,-1
11751,2024-04-24,500,-1,-1,No Error,,-1
11973,2024-04-24,500,-1,-1,No Error,,-1
11753,2024-04-24,500,-1,-1,No Error,,-1
11779,2024-04-24,500,-1,-1,No Error,,-1
11755,2024-04-24,500,-1,-1,No Error,,-1
11756,2024-04-24,500,-1,-1,No Error,,-1
11757,2024-04-24,500,-1,-1,No Error,,-1
11758,2024-04-24,500,-1,-1,No Error,,-1
11030,2024-04-24,500,-1,-1,No Error,,-1
10134,2024-04-24,500,-1,-1,No Error,,-1
11761,2024-04-24,500,-1,-1,No Error,,-1
11762,2024-04-24,500,-1,-1,No Error,,-1
11763,2024-04-24,500,-1,-1,No Error,,-1
11764,2024-04-24,500,-1,-1,No Error,,-1
11765,2024-04-24,500,-1,-1,No Error,,-1
11766,2024-04-24,500,-1,-1,No Error,,-1
11767,2024-04-24,500,-1,-1,No Error,,-1
10486,2024-04-24,500,-1,-1,No Error,,-1
11581,2024-04-24,500,-1,-1,No Error,,-1
10856,2024-04-24,500,-1,-1,No Error,,-1
11771,2024-04-24,500,-1,-1,No Error,,-1
11772,2024-04-24,500,-1,-1,No Error,,-1
11773,2024-04-24,500,-1,-1,No Error,,-1
11774,2024-04-24,500,-1,-1,No Error,,-1
11713,2024-04-24,500,-1,-1,No Error,,-1
11776,2024-04-24,500,-1,-1,No Error,,-1
11777,2024-04-24,500,-1,-1,No Error,,-1
11778,2024-04-24,500,-1,-1,No Error,,-1
11734,2024-04-24,500,-1,-1,No Error,,-1
10624,2024-04-24,500,-1,-1,No Error,,-1
11781,2024-04-24,500,-1,-1,No Error,,-1
11468,2024-04-24,500,-1,-1,No Error,,-1
10100,2024-04-24,500,-1,-1,No Error,,-1
11784,2024-04-24,500,-1,-1,No Error,,-1
11785,2024-04-24,500,-1,-1,No Error,,-1
11786,2024-04-24,500,-1,-1,No Error,,-1
11787,2024-04-24,500,-1,-1,No Error,,-1
11788,2024-04-24,500,-1,-1,No Error,,-1
11424,2024-04-24,500,-1,-1,No Error,,-1
11790,2024-04-24,500,-1,-1,No Error,,-1
11791,2024-04-24,500,-1,-1,No Error,,-1
11812,2024-04-24,500,-1,-1,No Error,,-1
11793,2024-04-24,500,-1,-1,No Error,,-1
11794,2024-04-24,500,-1,-1,No Error,,-1
11795,2024-04-24,500,-1,-1,No Error,,-1
11796,2024-04-24,500,-1,-1,No Error,,-1
11797,2024-04-24,500,-1,-1,No Error,,-1
11798,2024-04-24,500,-1,-1,No Error,,-1
11799,2024-04-24,500,-1,-1,No Error,,-1
11800,2024-04-24,500,-1,-1,No Error,,-1
11801,2024-04-24,500,-1,-1,No Error,,-1
11802,2024-04-24,500,-1,-1,No Error,,-1
11803,2024-04-24,500,-1,-1,No Error,,-1
11804,2024-04-24,500,-1,-1,No Error,,-1
10308,2024-04-24,500,-1,-1,No Error,,-1
11806,2024-04-24,500,-1,-1,No Error,,-1
11720,2024-04-24,500,-1,-1,No Error,,-1
11808,2024-04-24,500,-1,-1,No Error,,-1
11809,2024-04-24,500,-1,-1,No Error,,-1
11810,2024-04-24,500,-1,-1,No Error,,-1
11562,2024-04-24,500,-1,-1,No Error,,-1
10011,2024-04-24,500,-1,-1,No Error,,-1
10407,2024-04-24,500,-1,-1,No Error,,-1
11325,2024-04-24,500,-1,-1,No Error,,-1
10468,2024-04-24,500,-1,-1,No Error,,-1
11816,2024-04-24,500,-1,-1,No Error,,-1
11817,2024-04-24,500,-1,-1,No Error,,-1
11818,2024-04-24,500,-1,-1,No Error,,-1
10105,2024-04-24,500,-1,-1,No Error,,-1
10848,2024-04-24,500,-1,-1,No Error,,-1
11821,2024-04-24,500,-1,-1,No Error,,-1
11822,2024-04-24,500,-1,-1,No Error,,-1
11272,2024-04-24,500,-1,-1,No Error,,-1
11824,2024-04-24,500,-1,-1,No Error,,-1
11825,2024-04-24,500,-1,-1,No Error,,-1
11826,2024-04-24,500,-1,-1,No Error,,-1
11827,2024-04-24,500,-1,-1,No Error,,-1
11828,2024-04-24,500,-1,-1,No Error,,-1
11829,2024-04-24,500,-1,-1,No Error,,-1
11830,2024-04-24,500,-1,-1,No Error,,-1
11831,2024-04-24,500,-1,-1,No Error,,-1
11898,2024-04-24,500,-1,-1,No Error,,-1
11528,2024-04-24,500,-1,-1,No Error,,-1
10464,2024-04-24,500,-1,-1,No Error,,-1
11835,2024-04-24,500,-1,-1,No Error,,-1
11452,2024-04-24,500,-1,-1,No Error,,-1
11560,2024-04-24,500,-1,-1,No Error,,-1
11838,2024-04-24,500,-1,-1,No Error,,-1
10739,2024-04-24,500,-1,-1,No Error,,-1
11840,2024-04-24,500,-1,-1,No Error,,-1
11841,2024-04-24,500,-1,-1,No Error,,-1
11842,2024-04-24,500,-1,-1,No Error,,-1
10675,2024-04-24,500,-1,-1,No Error,,-1
11844,2024-04-24,500,-1,-1,No Error,,-1
11845,2024-04-24,500,-1,-1,No Error,,-1
11846,2024-04-24,500,-1,-1,No Error,,-1
10090,2024-04-24,500,-1,-1,No Error,,-1
10792,2024-04-24,500,-1,-1,No Error,,-1
11904,2024-04-24,500,-1,-1,No Error,,-1
11850,2024-04-24,500,-1,-1,No Error,,-1
11851,2024-04-24,500,-1,-1,No Error,,-1
11852,2024-04-24,500,-1,-1,No Error,,-1
11853,2024-04-24,500,-1,-1,No Error,,-1
10415,2024-04-24,500,-1,-1,No Error,,-1
11855,2024-04-24,500,-1,-1,No Error,,-1
11782,2024-04-24,500,-1,-1,No Error,,-1
11179,2024-04-24,500,-1,-1,No Error,,-1
11858,2024-04-24,500,-1,-1,No Error,,-1
11859,2024-04-24,500,-1,-1,No Error,,-1
11677,2024-04-24,500,-1,-1,No Error,,-1
11627,2024-04-24,500,-1,-1,No Error,,-1
11862,2024-04-24,500,-1,-1,No Error,,-1
11863,2024-04-24,500,-1,-1,No Error,,-1
10691,2024-04-24,500,-1,-1,No Error,,-1
11977,2024-04-24,500,-1,-1,No Error,,-1
11820,2024-04-24,500,-1,-1,No Error,,-1
11847,2024-04-24,500,-1,-1,No Error,,-1
10128,2024-04-24,500,-1,-1,No Error,,-1
11869,2024-04-24,500,-1,-1,No Error,,-1
10191,2024-04-24,500,-1,-1,No Error,,-1
11871,2024-04-24,500,-1,-1,No Error,,-1
10241,2024-04-24,500,-1,-1,No Error,,-1
11873,2024-04-24,500,-1,-1,No Error,,-1
11874,2024-04-24,500,-1,-1,No Error,,-1
11875,2024-04-24,500,-1,-1,No Error,,-1
11876,2024-04-24,500,-1,-1,No Error,,-1
11877,2024-04-24,500,-1,-1,No Error,,-1
11878,2024-04-24,500,-1,-1,No Error,,-1
11879,2024-04-24,500,-1,-1,No Error,,-1
10522,2024-04-24,500,-1,-1,No Error,,-1
11881,2024-04-24,500,-1,-1,No Error,,-1
11882,2024-04-24,500,-1,-1,No Error,,-1
11064,2024-04-24,500,-1,-1,No Error,,-1
10023,2024-04-24,500,-1,-1,No Error,,-1
11604,2024-04-24,500,-1,-1,No Error,,-1
11886,2024-04-24,500,-1,-1,No Error,,-1
11887,2024-04-24,500,-1,-1,No Error,,-1
11888,2024-04-24,500,-1,-1,No Error,,-1
11854,2024-04-24,500,-1,-1,No Error,,-1
11890,2024-04-24,500,-1,-1,No Error,,-1
11891,2024-04-24,500,-1,-1,No Error,,-1
11892,2024-04-24,500,-1,-1,No Error,,-1
11893,2024-04-24,500,-1,-1,No Error,,-1
11894,2024-04-24,500,-1,-1,No Error,,-1
11848,2024-04-24,500,-1,-1,No Error,,-1
11896,2024-04-24,500,-1,-1,No Error,,-1
10849,2024-04-24,500,-1,-1,No Error,,-1
11151,2024-04-24,500,-1,-1,No Error,,-1
11899,2024-04-24,500,-1,-1,No Error,,-1
11900,2024-04-24,500,-1,-1,No Error,,-1
11901,2024-04-24,500,-1,-1,No Error,,-1
11902,2024-04-24,500,-1,-1,No Error,,-1
11903,2024-04-24,500,-1,-1,No Error,,-1
11225,2024-04-24,500,-1,-1,No Error,,-1
11905,2024-04-24,500,-1,-1,No Error,,-1
11906,2024-04-24,500,-1,-1,No Error,,-1
11783,2024-04-24,500,-1,-1,No Error,,-1
10290,2024-04-24,500,-1,-1,No Error,,-1
11909,2024-04-24,500,-1,-1,No Error,,-1
11910,2024-04-24,500,-1,-1,No Error,,-1
11530,2024-04-24,500,-1,-1,No Error,,-1
11775,2024-04-24,500,-1,-1,No Error,,-1
10097,2024-04-24,500,-1,-1,No Error,,-1
11914,2024-04-24,500,-1,-1,No Error,,-1
11915,2024-04-24,500,-1,-1,No Error,,-1
11916,2024-04-24,500,-1,-1,No Error,,-1
10145,2024-04-24,500,-1,-1,No Error,,-1
10833,2024-04-24,500,-1,-1,No Error,,-1
11919,2024-04-24,500,-1,-1,No Error,,-1
11714,2024-04-24,500,-1,-1,No Error,,-1
11921,2024-04-24,500,-1,-1,No Error,,-1
11922,2024-04-24,500,-1,-1,No Error,,-1
11923,2024-04-24,500,-1,-1,No Error,,-1
11924,2024-04-24,500,-1,-1,No Error,,-1
11925,2024-04-24,500,-1,-1,No Error,,-1
11926,2024-04-24,500,-1,-1,No Error,,-1
11913,2024-04-24,500,-1,-1,No Error,,-1
10334,2024-04-24,500,-1,-1,No Error,,-1
11710,2024-04-24,500,-1,-1,No Error,,-1
11930,2024-04-24,500,-1,-1,No Error,,-1
11931,2024-04-24,500,-1,-1,No Error,,-1
11932,2024-04-24,500,-1,-1,No Error,,-1
11933,2024-04-24,500,-1,-1,No Error,,-1
11711,2024-04-24,500,-1,-1,No Error,,-1
11935,2024-04-24,500,-1,-1,No Error,,-1
11936,2024-04-24,500,-1,-1,No Error,,-1
10140,2024-04-24,500,-1,-1,No Error,,-1
11920,2024-04-24,500,-1,-1,No Error,,-1
11939,2024-04-24,500,-1,-1,No Error,,-1
11940,2024-04-24,500,-1,-1,No Error,,-1
10808,2024-04-24,500,-1,-1,No Error,,-1
11512,2024-04-24,500,-1,-1,No Error,,-1
11943,2024-04-24,500,-1,-1,No Error,,-1
10918,2024-04-24,500,-1,-1,No Error,,-1
11945,2024-04-24,500,-1,-1,No Error,,-1
11946,2024-04-24,500,-1,-1,No Error,,-1
11947,2024-04-24,500,-1,-1,No Error,,-1
11948,2024-04-24,500,-1,-1,No Error,,-1
11949,2024-04-24,500,-1,-1,No Error,,-1
11950,2024-04-24,500,-1,-1,No Error,,-1
11951,2024-04-24,500,-1,-1,No Error,,-1
11952,2024-04-24,500,-1,-1,No Error,,-1
11140,2024-04-24,500,-1,-1,No Error,,-1
11954,2024-04-24,500,-1,-1,No Error,,-1
11955,2024-04-24,500,-1,-1,No Error,,-1
10599,2024-04-24,500,-1,-1,No Error,,-1
11692,2024-04-24,500,-1,-1,No Error,,-1
11958,2024-04-24,500,-1,-1,No Error,,-1
11959,2024-04-24,500,-1,-1,No Error,,-1
11960,2024-04-24,500,-1,-1,No Error,,-1
11961,2024-04-24,500,-1,-1,No Error,,-1
11962,2024-04-24,500,-1,-1,No Error,,-1
11963,2024-04-24,500,-1,-1,No Error,,-1
11964,2024-04-24,500,-1,-1,No Error,,-1
11965,2024-04-24,500,-1,-1,No Error,,-1
10301,2024-04-24,500,-1,-1,No Error,,-1
11967,2024-04-24,500,-1,-1,No Error,,-1
11968,2024-04-24,500,-1,-1,No Error,,-1
11969,2024-04-24,500,-1,-1,No Error,,-1
11970,2024-04-24,500,-1,-1,No Error,,-1
11971,2024-04-24,500,-1,-1,No Error,,-1
11972,2024-04-24,500,-1,-1,No Error,,-1
11719,2024-04-24,500,-1,-1,No Error,,-1
11974,2024-04-24,500,-1,-1,No Error,,-1
11975,2024-04-24,500,-1,-1,No Error,,-1
11976,2024-04-24,500,-1,-1,No Error,,-1
11724,2024-04-24,500,-1,-1,No Error,,-1
11978,2024-04-24,500,-1,-1,No Error,,-1
11979,2024-04-24,500,-1,-1,No Error,,-1
11303,2024-04-24,500,-1,-1,No Error,,-1
11981,2024-04-24,500,-1,-1,No Error,,-1
11095,2024-04-24,500,-1,-1,No Error,,-1
11983,2024-04-24,500,-1,-1,No Error,,-1
10529,2024-04-24,500,-1,-1,No Error,,-1
10282,2024-04-24,500,-1,-1,No Error,,-1
11590,2024-04-24,500,-1,-1,No Error,,-1
11987,2024-04-24,500,-1,-1,No Error,,-1
11988,2024-04-24,500,-1,-1,No Error,,-1
11989,2024-04-24,500,-1,-1,No Error,,-1
10495,2024-04-24,500,-1,-1,No Error,,-1
10305,2024-04-24,500,-1,-1,No Error,,-1
11992,2024-04-24,500,-1,-1,No Error,,-1
11993,2024-04-24,500,-1,-1,No Error,,-1
11994,2024-04-24,500,-1,-1,No Error,,-1
11995,2024-04-24,500,-1,-1,No Error,,-1
11990,2024-04-24,500,-1,-1,No Error,,-1
11997,2024-04-24,500,-1,-1,No Error,,-1
11342,2024-04-24,500,-1,-1,No Error,,-1
11999,2024-04-24,500,-1,-1,No Error,,-1
12000,2024-04-24,500,-1,-1,No Error,,-1
